Essay_Number,Attribution,Background,Cause,Comparison,Condition,Contrast,Elaboration,Enablement,Evaluation,Explanation,Joint,Manner-Means,Summary,Temporal,Topic-Change,Topic-Comment,
2,20,4,0,0,0,5,59,4,11,3,4,0,6,1,6,0,
3,23,1,1,0,0,3,43,3,10,4,56,0,3,2,0,0,
4,9,0,0,0,1,2,41,0,6,1,6,0,1,0,2,0,
7,18,1,2,1,1,6,76,3,2,2,20,1,0,0,2,0,
8,9,7,0,0,3,4,28,0,2,0,6,0,2,2,0,0,
10,10,2,0,0,1,4,33,2,6,4,8,0,0,0,0,0,
11,14,5,0,0,3,8,21,0,18,2,20,0,1,2,4,0,
13,33,3,0,1,3,10,32,3,10,7,28,0,1,1,0,0,
15,16,2,0,1,2,2,26,3,2,5,4,0,1,0,0,0,
16,3,2,0,0,1,4,6,1,2,2,4,0,1,0,0,0,
17,14,0,0,0,0,9,33,0,25,2,8,0,1,2,0,2,
18,12,7,1,0,4,5,23,1,3,7,8,0,0,3,0,0,
19,13,1,0,0,0,0,28,1,2,2,4,0,0,1,0,0,
21,26,2,0,2,0,2,46,1,0,4,28,0,0,5,0,0,
22,14,4,1,0,0,14,67,2,8,4,2,0,6,0,10,0,
23,15,2,0,0,1,10,21,3,3,5,16,0,0,0,0,0,
25,36,3,2,0,1,16,26,6,15,9,24,0,1,0,0,0,
26,15,3,0,0,1,4,25,1,1,2,36,1,1,1,0,0,
28,28,5,1,1,5,14,52,4,7,4,18,0,4,3,0,0,
29,39,12,2,0,3,20,44,7,21,8,30,0,3,3,0,2,
30,23,3,1,0,0,11,25,4,12,5,20,1,1,2,0,4,
31,17,4,0,0,0,5,19,2,10,5,10,0,0,2,0,0,
34,12,6,0,0,0,4,19,3,13,4,8,0,2,0,0,0,
35,15,0,0,0,2,4,17,2,2,2,8,0,1,0,0,0,
36,10,3,0,2,0,5,27,1,7,8,20,0,2,2,0,0,
38,17,4,0,0,1,8,37,2,10,5,14,0,6,2,0,0,
40,19,2,2,0,0,7,65,0,9,2,6,0,0,0,2,0,
41,10,1,0,0,0,0,18,2,9,3,2,0,1,4,0,0,
42,23,6,0,0,1,10,43,1,5,2,18,0,0,4,0,0,
43,11,4,1,0,1,6,33,4,7,7,14,0,2,2,0,0,
44,14,3,0,0,1,4,37,3,5,4,4,0,2,0,4,0,
46,11,2,0,0,1,4,38,0,2,2,10,0,0,0,0,0,
47,27,3,1,0,0,13,38,4,14,13,16,0,2,1,0,0,
48,11,2,0,0,0,9,15,0,7,2,22,0,1,0,0,2,
49,9,3,0,0,0,10,38,4,3,4,6,0,3,0,0,0,
50,39,7,2,0,8,13,57,4,17,8,40,1,5,3,0,2,
51,15,2,0,0,1,5,61,2,10,7,8,0,2,4,4,0,
52,30,3,1,0,2,10,37,4,17,4,22,0,4,4,2,0,
54,9,3,0,0,2,13,14,0,5,3,22,0,1,0,0,0,
55,21,4,0,1,0,8,73,3,9,1,20,0,6,8,8,0,
56,12,3,2,0,2,9,15,5,2,1,8,0,2,1,0,0,
57,11,1,0,0,0,2,42,1,6,2,10,0,2,5,2,0,
59,23,9,2,0,1,6,32,3,6,4,10,1,1,0,0,0,
61,13,5,0,0,1,9,22,2,5,0,14,0,1,1,0,0,
62,22,3,0,0,1,5,40,3,4,3,22,0,0,1,0,0,
63,15,2,0,0,1,6,21,4,1,2,2,0,1,2,0,2,
64,11,1,0,0,1,3,35,0,3,1,6,0,2,0,0,0,
65,12,4,0,2,0,1,44,2,3,1,12,0,0,0,0,0,
66,10,2,0,0,1,9,26,2,10,8,24,0,0,3,0,0,
68,22,1,0,0,1,1,41,2,0,0,6,0,2,2,0,0,
69,9,2,0,0,0,1,22,3,2,5,8,0,3,0,0,0,
72,9,3,0,0,0,3,56,2,2,1,22,0,3,3,0,0,
73,11,2,0,0,1,3,14,1,2,1,6,0,1,0,0,0,
75,16,2,1,0,3,10,43,3,3,14,30,0,1,0,0,0,
76,11,3,0,1,0,1,38,0,4,0,8,0,4,0,0,0,
77,11,0,0,0,1,7,30,3,5,2,12,0,1,0,0,0,
80,6,2,1,0,4,3,29,1,5,3,2,0,3,1,0,0,
81,10,0,0,0,0,3,21,3,3,1,6,0,0,0,0,0,
82,6,1,0,0,1,0,9,2,2,2,14,0,1,0,0,0,
83,29,3,3,1,0,18,56,4,5,4,16,0,2,0,0,0,
84,11,0,0,0,0,3,35,2,6,1,4,0,2,0,0,0,
85,19,6,0,1,1,6,32,0,12,2,16,0,4,4,0,2,
86,6,3,1,0,1,2,37,1,7,4,32,0,1,0,0,0,
87,18,1,2,0,1,5,66,6,7,1,12,0,1,4,6,0,
88,10,3,0,1,0,4,18,3,4,9,18,0,0,0,0,0,
89,15,2,1,2,0,7,55,2,1,2,12,0,1,2,0,0,
90,12,4,0,0,1,3,25,1,2,1,10,0,1,0,0,0,
91,23,0,1,0,2,4,25,1,3,5,12,0,0,0,0,0,
92,8,2,0,0,0,4,28,1,5,1,6,0,0,0,0,0,
93,27,9,2,1,3,12,83,3,14,13,82,0,3,7,0,0,
94,29,5,0,0,1,9,37,3,5,2,6,0,1,3,0,0,
95,4,2,0,0,1,2,8,3,0,1,6,0,0,0,0,0,
96,19,8,0,0,2,5,16,4,1,6,16,0,0,0,0,1,
97,21,4,0,0,0,16,51,2,15,8,28,0,5,5,6,0,
98,12,1,0,0,0,0,41,1,1,3,0,0,4,2,6,0,
99,23,3,0,0,2,11,33,1,10,2,32,0,2,1,0,0,
100,22,1,1,0,0,9,84,1,3,2,0,0,2,2,0,0,
101,17,4,0,0,3,12,19,1,5,6,20,0,0,0,0,0,
102,14,5,1,0,0,6,33,3,1,2,12,0,1,2,0,0,
103,5,0,0,0,0,2,17,0,1,8,0,0,0,0,0,0,
104,16,2,1,0,1,6,20,2,7,4,16,1,1,3,0,0,
105,20,5,1,1,2,9,18,0,14,6,18,0,1,3,0,2,
106,2,0,0,0,0,0,1,0,4,0,0,0,0,0,0,0,
107,20,1,0,0,1,3,52,2,1,2,18,0,0,1,0,0,
108,11,0,2,0,0,5,17,1,2,3,4,0,0,0,0,2,
109,25,5,0,1,3,8,39,2,6,9,26,0,1,1,0,0,
110,23,2,1,0,4,3,40,1,11,3,12,0,3,4,0,0,
111,23,5,0,0,0,6,84,11,3,1,4,0,2,2,4,0,
112,9,0,0,0,2,3,18,1,1,4,16,0,0,0,0,0,
113,12,2,0,0,0,5,44,1,1,4,2,1,0,2,0,0,
114,10,5,0,0,1,5,26,5,9,2,8,0,2,2,0,0,
116,9,3,0,0,0,2,18,3,1,4,18,0,0,2,0,0,
117,9,1,0,0,1,4,30,3,3,4,4,0,0,0,0,0,
118,17,3,1,0,0,4,21,1,5,8,16,0,0,2,0,0,
119,10,5,0,0,0,11,13,0,4,5,20,0,2,2,0,0,
120,26,6,1,0,1,14,26,1,14,3,12,0,1,2,2,2,
121,15,3,0,0,2,5,87,2,3,3,10,0,4,2,4,0,
123,20,2,2,0,1,4,36,1,5,3,14,0,0,3,0,0,
125,14,3,0,0,2,6,28,2,8,3,18,0,1,0,0,0,
126,8,2,0,0,1,3,28,0,4,1,6,0,1,0,0,2,
127,15,2,2,0,0,5,66,0,0,3,12,0,1,0,0,0,
128,12,2,1,1,2,1,47,1,2,4,10,0,0,0,0,0,
129,24,3,0,0,2,10,28,1,11,3,22,0,2,6,0,2,
130,3,2,0,0,0,1,13,1,3,3,4,0,0,0,0,0,
131,9,4,1,0,0,2,21,1,6,7,12,0,1,0,0,2,
132,14,3,0,0,1,4,20,3,2,3,22,2,0,0,0,0,
133,8,2,0,0,1,4,11,0,3,1,12,0,2,2,0,0,
134,14,2,0,0,1,2,30,2,5,2,8,0,1,0,2,0,
135,7,5,0,0,4,3,21,1,5,5,8,0,1,1,0,0,
136,14,4,3,0,3,8,12,3,10,6,16,0,2,1,0,0,
138,17,8,0,0,0,6,43,1,8,2,16,0,2,1,0,0,
139,19,0,0,0,0,1,29,1,3,2,4,0,1,1,2,2,
140,12,3,0,0,2,13,46,3,5,9,22,0,1,1,0,0,
141,14,3,0,0,2,10,15,1,11,3,12,0,3,0,0,0,
142,35,3,1,1,0,7,26,4,9,5,26,1,1,1,0,0,
143,17,2,1,0,2,5,16,2,13,5,12,0,0,2,0,0,
144,36,2,1,0,0,7,71,0,6,2,20,0,3,4,0,2,
147,2,3,1,0,0,4,22,1,5,2,10,0,3,0,0,0,
148,11,2,2,0,0,6,50,0,7,4,18,0,0,4,6,0,
149,10,1,0,0,1,7,34,1,2,3,6,0,2,0,0,0,
150,22,2,1,0,3,14,25,4,10,7,44,1,0,0,0,0,
151,10,3,0,0,1,3,12,0,6,5,4,0,2,0,0,0,
152,24,2,0,0,1,4,40,1,1,3,8,0,2,2,0,0,
154,11,10,1,0,1,5,22,5,0,3,18,0,0,1,0,0,
155,30,3,0,0,2,9,62,1,2,5,16,1,0,2,0,0,
156,8,2,0,0,0,6,6,0,5,8,18,0,1,0,0,0,
157,17,2,0,0,3,9,37,3,11,0,24,0,1,2,0,0,
159,30,7,0,0,0,19,75,2,7,7,42,0,6,5,2,0,
160,13,3,2,0,0,7,18,3,3,4,30,0,2,0,0,0,
161,8,2,1,0,1,5,19,0,9,3,8,0,0,2,2,0,
162,5,1,0,0,0,3,16,1,4,4,14,0,0,0,0,0,
163,10,6,0,0,2,5,15,1,9,3,12,0,2,2,0,0,
164,13,2,0,0,1,8,36,2,3,2,28,0,0,0,0,0,
165,40,5,4,0,2,15,21,6,16,6,14,1,1,0,0,0,
166,8,1,0,5,1,2,8,2,2,4,6,0,1,2,0,0,
167,16,7,0,0,0,2,52,2,2,2,24,0,1,3,0,0,
168,26,5,0,0,2,7,30,4,6,6,30,0,4,1,0,2,
170,9,0,0,0,2,2,17,0,0,0,2,0,0,0,0,0,
171,6,0,0,0,0,0,16,0,4,1,14,0,1,4,0,0,
172,10,2,0,0,1,3,23,2,7,2,8,0,0,0,0,0,
173,14,2,1,0,0,9,17,1,4,1,12,0,0,3,0,0,
174,11,0,0,0,1,0,49,2,0,0,2,0,0,0,2,0,
175,14,1,1,0,0,11,22,0,13,3,10,0,0,6,0,0,
176,12,2,0,0,1,6,50,5,5,0,10,0,2,1,2,0,
177,21,3,0,0,2,12,38,1,9,1,18,1,4,2,0,0,
179,63,6,0,1,2,8,22,2,5,4,4,1,0,2,0,0,
180,17,4,0,0,0,7,44,3,3,4,6,0,2,0,0,0,
181,9,0,1,0,3,4,14,1,3,2,12,0,1,0,0,0,
182,15,1,0,0,1,6,25,0,7,7,8,1,3,0,0,0,
183,16,1,0,0,2,4,36,2,9,9,26,0,0,0,0,2,
184,14,8,1,0,0,13,27,4,9,8,20,0,0,2,0,2,
185,28,2,0,0,3,3,65,6,9,4,22,0,3,0,2,0,
186,52,4,2,0,5,21,65,1,13,5,54,0,1,2,0,0,
187,18,3,0,0,4,9,29,1,16,8,14,0,1,0,0,0,
190,5,0,0,0,0,4,34,1,0,2,4,0,0,0,0,0,
191,70,5,1,0,4,19,74,2,20,8,44,0,2,8,0,0,
192,1,0,0,0,0,2,15,0,2,3,6,0,0,2,0,0,
193,17,4,0,0,1,7,18,2,8,3,12,0,0,4,0,0,
196,25,3,0,0,0,2,74,8,6,4,16,0,3,0,0,0,
197,32,4,0,1,2,5,53,2,3,4,16,0,1,2,0,0,
198,25,11,1,0,0,10,58,2,11,8,18,0,2,5,0,0,
199,19,3,0,0,1,3,47,3,1,3,6,0,0,0,0,0,
201,20,1,0,0,0,9,20,2,5,5,18,0,0,4,0,0,
202,5,0,1,0,1,4,19,1,4,1,6,0,1,2,0,0,
203,7,0,1,0,4,5,25,1,13,4,14,0,0,4,0,0,
204,10,4,0,0,1,8,22,0,2,5,14,0,0,4,0,0,
205,11,0,0,0,3,5,15,5,12,2,14,1,1,0,0,0,
206,11,3,0,0,4,3,12,3,6,2,6,0,1,0,0,0,
207,26,1,0,0,1,4,29,3,6,2,8,0,1,0,0,0,
209,16,2,0,0,4,4,42,5,4,2,18,0,2,2,2,0,
210,9,4,0,0,5,5,47,2,5,2,8,0,1,2,2,0,
211,11,1,0,0,3,6,23,2,8,3,26,0,0,1,0,0,
212,7,3,0,0,0,2,4,0,6,1,10,0,0,0,0,0,
213,22,4,0,0,4,3,77,0,6,5,12,1,4,3,8,2,
214,10,2,1,0,1,10,20,1,3,1,8,0,0,0,0,0,
215,54,16,1,0,5,39,73,8,13,11,46,0,3,4,0,0,
216,9,5,1,0,0,2,10,0,5,3,10,0,1,0,0,0,
217,10,3,2,0,1,10,16,1,12,1,16,0,3,2,0,0,
218,22,5,0,1,3,9,40,2,10,8,18,0,4,3,0,0,
219,18,4,0,0,0,2,33,3,4,1,2,0,2,0,4,0,
223,14,2,0,0,0,8,47,0,5,4,18,0,1,2,0,0,
224,45,3,2,0,6,9,56,2,7,3,24,0,1,0,0,0,
225,17,1,2,0,2,10,10,5,6,3,6,0,1,0,0,0,
226,24,4,3,0,1,14,25,1,14,7,16,0,2,3,0,0,
227,15,3,2,0,0,7,23,1,9,5,20,0,2,1,2,0,
228,14,0,0,0,0,2,31,1,5,3,10,0,2,0,0,0,
229,16,5,0,1,4,2,40,4,6,6,20,0,0,0,0,0,
231,12,4,2,0,0,3,31,4,3,3,16,0,2,6,2,0,
233,14,2,0,0,1,3,27,1,2,0,4,0,0,0,0,0,
234,13,2,0,0,1,7,39,2,5,3,24,0,2,2,0,0,
235,22,10,2,1,4,7,59,6,5,6,18,0,3,3,0,2,
236,8,5,0,0,1,6,27,0,3,2,8,1,2,0,0,0,
237,10,2,0,0,2,12,28,2,10,4,20,0,3,0,2,0,
238,28,2,3,2,0,6,59,0,2,1,6,1,1,5,0,0,
239,16,9,1,0,2,11,31,4,10,6,8,1,5,1,0,0,
240,17,2,0,0,0,1,37,1,2,1,6,0,0,0,0,0,
241,13,6,0,1,0,16,27,3,15,3,32,0,2,0,2,0,
242,24,3,0,1,2,13,55,7,6,6,30,0,0,4,0,0,
243,20,4,1,0,1,11,23,0,8,17,26,0,1,4,0,0,
244,14,5,1,0,1,18,16,4,15,7,18,0,3,2,0,0,
246,33,7,1,0,4,10,25,1,11,18,26,0,0,2,0,0,
247,20,6,2,0,0,11,36,0,3,6,16,0,3,1,0,0,
249,11,0,0,0,0,0,14,0,7,0,8,0,0,0,2,0,
250,20,1,0,0,1,7,44,0,7,1,8,0,1,1,0,0,
251,5,0,0,0,1,4,19,0,0,1,4,0,0,0,0,0,
254,14,2,0,0,4,3,37,2,8,7,4,0,0,2,0,0,
255,4,1,0,0,2,1,19,0,1,0,4,0,0,0,0,0,
256,12,3,2,0,0,3,33,0,15,5,4,0,1,2,0,0,
258,21,4,0,0,2,5,36,2,8,7,10,0,2,2,0,0,
259,19,5,0,0,0,8,36,0,13,4,18,0,0,8,0,0,
260,32,10,1,0,1,8,65,4,14,6,18,0,6,4,0,0,
261,19,2,0,0,0,6,94,2,5,6,12,0,1,3,4,0,
263,10,1,0,1,1,5,33,0,8,2,10,0,0,0,2,0,
264,27,3,1,0,1,12,62,6,12,5,34,0,4,5,0,0,
265,6,1,1,0,0,3,33,1,6,2,10,0,2,1,0,0,
266,27,4,0,0,1,10,7,3,6,9,26,0,1,0,0,2,
267,6,1,0,0,2,0,9,1,0,0,6,0,0,0,0,0,
270,25,3,0,0,2,11,51,3,7,15,28,0,1,3,0,0,
272,23,2,0,0,0,7,52,0,11,8,8,0,2,0,4,0,
273,10,1,1,0,0,1,10,1,3,2,12,1,0,2,0,0,
274,6,4,0,0,0,0,34,3,0,3,4,0,2,0,0,0,
275,21,5,0,0,3,8,17,3,11,7,12,0,1,0,0,0,
277,11,1,0,0,0,1,44,0,3,2,2,0,2,0,2,0,
278,25,3,0,0,0,12,28,3,15,4,10,0,2,0,0,0,
279,6,1,0,0,0,2,14,4,1,4,14,0,1,2,0,0,
280,25,4,0,0,2,13,25,2,7,4,18,0,0,2,0,0,
281,39,4,1,0,4,4,18,2,2,6,0,3,0,1,0,0,
283,12,0,0,0,0,1,32,3,4,0,4,0,0,1,0,0,
284,13,5,0,0,2,11,16,2,4,1,14,0,0,0,0,0,
285,19,1,0,0,1,5,29,6,1,5,28,1,0,0,0,0,
286,11,0,0,0,0,2,21,1,3,3,4,0,0,2,0,0,
287,8,2,0,0,0,0,12,1,1,0,8,0,1,2,0,0,
288,7,1,0,0,0,6,35,1,5,0,6,0,3,2,0,0,
290,34,0,0,0,7,15,23,3,8,6,16,0,3,0,0,0,
291,15,1,0,0,0,7,31,0,5,2,12,0,1,0,0,0,
292,8,3,0,0,0,6,28,0,3,8,22,0,0,0,0,0,
296,4,1,0,0,0,1,31,2,1,3,12,0,1,1,0,0,
297,5,1,1,0,1,2,31,1,3,2,12,0,0,2,2,0,
298,16,2,0,0,1,6,10,0,4,3,18,1,1,2,0,0,
299,21,2,0,0,1,5,69,5,10,6,22,0,5,3,0,0,
300,19,1,0,0,1,0,33,1,0,0,24,0,2,0,2,0,
301,8,0,1,0,1,2,32,0,5,4,6,0,1,0,0,0,
302,9,7,1,0,3,8,21,2,12,6,34,0,1,0,0,0,
303,7,3,2,0,0,5,39,3,4,7,8,0,0,0,2,0,
304,32,4,0,0,1,7,70,3,11,6,46,1,2,5,0,0,
305,29,7,3,0,4,12,55,4,6,4,12,0,2,1,0,0,
306,16,4,3,0,1,9,29,2,5,4,10,0,2,0,2,0,
308,11,4,0,0,2,2,17,2,5,5,10,0,2,3,0,0,
310,12,0,0,0,0,3,23,0,5,3,14,0,2,0,2,0,
311,4,2,0,0,0,4,37,1,1,5,2,0,1,0,0,0,
312,19,2,3,0,2,5,47,4,2,7,28,0,3,0,0,0,
313,20,4,0,0,5,12,26,3,10,5,26,0,0,10,0,0,
314,26,5,1,0,1,21,59,1,12,8,22,0,4,5,0,2,
316,34,4,0,0,2,7,36,1,14,1,22,0,2,2,0,0,
317,33,5,2,0,1,16,27,1,12,6,34,0,0,0,0,0,
318,10,1,3,0,1,1,34,2,0,6,4,0,0,0,2,0,
319,5,2,0,0,0,5,6,0,1,5,10,0,0,4,0,0,
320,35,4,0,0,0,10,37,1,3,6,24,0,1,0,0,0,
324,15,1,0,1,0,4,54,3,7,0,2,0,2,2,16,0,
325,24,3,3,0,2,4,49,4,5,1,16,0,2,4,2,0,
326,10,3,0,0,2,4,48,3,7,10,12,0,2,6,0,0,
327,19,2,0,0,1,5,55,1,4,1,2,0,3,0,2,0,
328,8,5,0,0,1,1,5,3,3,5,12,0,0,3,0,0,
329,10,1,0,0,2,4,28,1,8,4,18,0,0,0,0,0,
330,28,6,0,1,0,15,46,3,11,2,22,0,4,0,0,0,
331,27,0,0,4,2,8,85,3,14,3,10,0,4,4,10,0,
332,13,0,0,0,3,2,36,3,3,1,8,1,2,0,0,0,
333,26,4,0,0,4,7,26,2,10,9,24,0,2,1,0,0,
334,19,5,2,0,2,13,42,2,18,6,22,0,3,4,2,0,
335,9,2,0,0,2,3,30,1,6,4,18,0,0,2,0,0,
336,19,4,1,0,0,17,31,3,17,6,4,0,3,1,2,0,
337,14,6,2,0,1,2,31,1,10,3,16,0,4,5,2,0,
338,10,2,0,0,2,5,59,2,7,3,10,0,1,2,6,2,
339,29,8,2,1,1,10,47,4,15,1,36,0,2,1,0,0,
340,22,0,0,0,0,3,34,8,7,2,14,0,4,4,0,0,
341,32,5,0,1,3,4,46,2,11,0,10,0,2,2,0,1,
342,9,1,0,0,2,8,13,0,10,4,16,0,0,2,0,0,
343,25,2,0,0,0,2,44,0,4,1,24,0,1,1,0,0,
344,4,0,0,0,4,0,4,0,1,2,0,0,0,0,0,0,
345,14,0,0,0,0,6,17,0,2,0,4,0,1,2,0,0,
346,11,3,0,0,1,1,25,4,1,2,18,1,0,0,0,0,
347,2,0,0,0,0,0,1,1,0,0,2,0,0,0,0,0,
349,9,2,0,0,0,1,20,2,1,1,0,0,0,0,0,0,
350,7,4,0,0,0,2,15,2,1,5,10,0,0,0,0,0,
352,4,0,0,1,0,2,12,2,1,2,8,0,2,0,0,0,
353,24,5,3,0,4,10,67,8,5,0,26,0,2,0,4,1,
354,2,0,0,0,0,0,10,0,0,2,2,0,0,0,0,0,
355,3,0,0,0,0,2,19,2,0,0,10,0,0,0,0,0,
356,16,12,1,0,0,14,35,1,10,7,12,0,1,2,0,0,
358,12,2,0,0,2,7,33,0,4,3,16,0,0,0,0,0,
359,4,2,0,0,1,2,19,5,0,2,4,0,1,0,0,0,
361,6,2,0,0,3,2,11,1,3,2,10,0,1,0,0,0,
362,4,0,0,0,0,0,11,1,2,1,8,0,0,1,0,0,
363,10,2,0,0,0,1,22,3,1,2,12,0,2,0,0,0,
364,10,2,0,0,0,8,15,0,6,3,10,0,1,0,0,0,
365,20,4,0,1,5,8,50,3,6,2,6,0,5,3,0,0,
366,26,4,0,0,0,13,45,0,11,5,26,0,1,0,0,0,
367,12,5,1,0,1,11,40,5,8,6,20,0,1,1,0,0,
368,15,4,1,0,1,6,25,2,0,3,12,0,1,0,0,0,
369,26,9,0,1,1,12,52,1,13,10,30,0,2,1,0,0,
370,30,5,0,2,2,7,83,1,14,0,16,0,2,4,4,0,
371,36,4,0,0,0,8,39,5,12,6,48,0,7,0,0,0,
373,35,9,0,1,3,16,33,2,17,6,28,0,2,4,0,2,
375,18,3,0,1,1,8,34,5,7,6,28,0,2,2,0,0,
376,12,4,0,1,0,2,16,3,3,2,4,1,2,0,0,0,
377,9,0,0,0,0,4,23,1,2,0,4,0,0,1,0,0,
378,24,4,0,0,1,10,30,0,6,4,42,0,1,3,0,0,
380,27,2,3,0,2,8,67,5,11,6,26,0,2,4,0,2,
381,10,3,0,0,1,4,22,0,2,1,12,0,1,0,0,0,
383,33,1,0,0,2,8,22,4,11,5,26,0,0,0,0,0,
384,14,3,0,0,0,3,17,0,6,3,6,0,0,0,0,2,
385,14,1,1,0,3,4,14,0,2,4,16,0,1,2,0,0,
386,26,9,1,0,1,13,55,1,16,7,20,1,4,2,0,0,
389,7,1,0,0,0,4,18,0,1,2,10,0,0,0,0,0,
390,22,1,0,0,3,14,61,2,2,3,20,0,0,1,0,0,
392,24,0,0,0,5,6,22,1,5,3,12,0,1,0,0,0,
393,7,2,0,0,0,0,10,2,1,2,8,0,0,0,0,0,
395,12,4,0,0,1,3,14,2,5,5,14,0,2,0,0,0,
396,4,0,0,0,0,6,13,0,1,0,6,0,0,0,0,0,
397,20,11,0,0,1,11,64,2,9,2,8,0,3,6,10,0,
398,6,4,0,0,2,12,19,1,2,4,10,0,0,1,0,0,
399,9,6,0,0,1,7,38,4,11,12,18,0,0,3,0,2,
401,16,6,1,1,2,7,31,6,8,6,22,0,3,0,0,0,
402,5,3,1,0,1,1,21,1,0,0,4,0,1,0,0,0,
403,15,1,1,0,2,7,25,1,9,7,16,0,3,2,0,0,
404,15,2,2,0,2,3,23,2,1,1,16,0,1,0,0,0,
405,10,0,0,0,0,4,10,0,1,1,2,0,1,0,0,0,
406,38,10,3,1,2,30,33,1,26,15,28,0,5,6,0,0,
407,8,0,0,0,1,2,24,2,1,2,6,0,0,1,0,0,
408,21,0,0,0,0,5,19,1,3,5,12,0,1,0,0,2,
410,20,1,2,0,2,9,62,3,8,5,18,0,3,1,0,0,
411,16,0,0,0,6,2,39,2,3,2,2,0,1,0,0,0,
412,22,3,0,0,1,3,36,2,3,4,24,0,1,1,0,0,
413,21,3,0,0,1,4,22,3,7,3,26,0,1,3,0,0,
414,3,0,0,0,2,0,10,0,0,0,6,0,1,0,0,0,
416,13,3,1,0,5,1,47,5,4,2,12,0,1,0,0,0,
417,15,2,1,0,1,4,65,0,7,3,20,0,2,1,0,0,
418,22,3,0,0,0,6,44,0,2,2,10,0,1,1,0,0,
419,3,3,1,0,3,4,19,1,8,1,14,0,2,0,0,2,
420,11,2,0,0,1,10,11,4,4,2,16,0,1,2,0,0,
421,21,1,0,0,4,6,24,1,6,7,16,0,0,2,0,0,
422,13,1,0,0,0,8,36,3,7,4,12,0,1,0,0,0,
423,7,0,1,1,1,2,14,0,2,5,20,0,0,0,0,0,
424,7,0,0,0,0,6,4,0,2,4,8,0,1,0,0,0,
425,11,1,1,0,2,1,14,2,4,3,12,0,0,2,0,0,
426,10,6,0,0,1,10,26,0,7,3,20,0,0,2,0,0,
428,8,0,0,0,1,3,19,1,5,0,0,0,1,0,0,0,
429,13,5,1,1,1,2,27,0,5,6,32,0,1,0,0,0,
430,3,3,0,0,3,7,24,2,5,3,18,1,1,0,0,0,
431,17,2,0,0,2,4,22,3,10,2,12,0,3,0,0,0,
432,24,2,0,0,1,9,41,4,13,8,32,1,4,5,0,0,
433,5,3,1,1,0,3,31,2,6,3,10,0,2,0,0,0,
434,44,6,1,0,1,17,47,4,15,7,22,0,5,19,0,0,
435,7,2,1,1,2,1,17,2,6,2,12,0,0,2,0,0,
436,25,7,1,0,1,7,29,4,11,7,40,0,2,2,0,0,
437,35,5,1,0,2,10,36,1,9,8,24,0,1,8,0,0,
439,45,12,1,0,4,21,53,0,14,11,32,0,2,9,0,0,
440,36,7,2,1,1,10,20,3,7,7,14,1,0,2,0,0,
441,17,2,0,0,2,5,40,1,11,4,22,0,2,2,2,0,
442,13,2,1,0,3,10,27,2,4,10,36,0,1,2,0,0,
443,14,4,0,0,0,6,27,0,5,0,10,0,0,0,0,2,
444,10,1,0,0,0,0,33,2,1,1,6,1,1,2,0,0,
445,4,3,0,0,2,7,26,3,4,6,26,0,0,1,0,0,
446,2,0,0,0,0,1,16,1,2,1,10,0,0,0,0,0,
447,6,2,0,0,0,4,40,1,3,2,22,1,1,0,0,0,
448,13,2,3,0,3,5,37,1,6,2,16,0,0,0,0,0,
449,12,5,0,0,0,5,36,2,2,2,4,0,2,1,6,0,
450,3,2,0,0,0,4,15,0,0,0,20,0,0,0,0,0,
452,18,5,0,1,4,16,39,4,14,9,28,1,3,1,0,0,
453,17,4,2,0,6,7,39,2,12,5,20,0,2,0,0,0,
454,15,3,0,0,4,13,50,1,6,8,42,0,2,2,0,0,
455,3,0,0,0,3,2,27,2,4,0,8,0,1,0,0,0,
456,17,3,0,0,1,10,17,0,3,2,18,0,2,0,0,0,
457,4,1,0,0,0,4,24,1,1,1,8,0,1,0,0,0,
458,17,1,0,0,0,3,28,2,10,6,12,0,0,4,0,0,
459,26,4,0,0,2,7,27,5,7,7,10,0,0,2,0,0,
460,29,5,2,0,5,8,21,2,9,7,14,0,1,0,0,0,
461,10,4,1,1,2,11,53,2,15,7,8,0,6,0,6,0,
464,23,2,0,0,0,7,26,1,4,4,34,1,1,0,0,0,
465,8,2,1,0,0,6,26,2,11,4,26,0,0,2,0,0,
466,11,1,0,0,0,11,46,2,0,0,40,0,1,2,0,0,
467,13,0,0,1,2,6,32,2,14,4,10,0,0,0,0,0,
468,4,0,0,0,0,0,17,1,3,2,2,0,1,0,2,0,
469,6,0,1,0,1,1,16,4,0,4,6,0,0,0,0,0,
470,12,2,1,0,4,5,11,2,10,6,32,0,5,2,0,0,
471,18,0,1,0,3,3,29,3,4,3,16,2,0,0,0,0,
472,16,3,0,0,1,2,2,1,10,4,20,0,2,1,0,0,
473,9,2,0,0,2,5,23,0,6,3,12,0,0,2,0,0,
474,16,9,0,0,1,3,14,1,9,11,30,0,2,2,0,0,
475,9,1,0,0,2,6,5,0,0,2,12,0,0,1,0,2,
476,11,1,0,0,0,7,20,2,1,1,14,0,0,0,0,0,
477,26,5,1,1,1,22,41,3,7,4,18,1,3,0,2,0,
478,10,3,0,0,0,6,20,0,6,4,22,0,1,0,0,0,
479,13,1,0,2,5,3,21,1,8,7,38,0,0,0,0,0,
480,2,0,0,0,1,0,0,1,0,1,0,0,0,0,0,0,
481,10,4,0,1,1,7,12,1,10,1,10,0,1,2,0,2,
482,12,7,0,1,1,2,17,1,11,2,18,0,0,2,0,0,
483,5,0,0,0,0,3,24,1,1,0,6,0,0,0,0,0,
484,5,2,0,0,1,1,8,4,0,4,6,0,0,1,0,0,
485,31,0,0,1,0,7,34,4,11,7,22,1,0,0,0,2,
486,5,1,0,0,0,5,38,3,1,8,18,0,2,3,2,0,
487,10,0,1,0,2,2,21,1,3,5,18,0,0,0,0,0,
488,10,3,0,0,1,9,22,0,5,3,16,0,0,0,0,0,
491,34,3,0,0,2,12,54,0,14,4,24,0,3,3,0,0,
494,19,3,1,0,2,9,26,0,10,5,16,0,0,0,0,0,
496,18,6,0,0,0,10,23,1,6,5,12,0,1,0,0,0,
498,29,2,1,1,3,4,23,2,3,5,18,1,0,1,0,0,
499,14,1,0,0,1,5,28,8,13,6,16,1,1,3,0,0,
500,16,3,0,0,1,1,57,1,1,2,10,0,3,1,0,0,
501,9,3,0,0,2,3,28,3,17,1,22,0,4,2,0,0,
502,2,2,0,0,0,3,5,1,1,3,12,0,0,1,0,0,
504,13,1,1,0,1,8,19,1,3,3,14,0,1,0,0,2,
505,13,3,0,0,1,7,18,2,1,2,20,0,0,2,0,0,
507,20,2,0,0,1,15,42,1,9,4,22,0,1,0,0,0,
508,18,2,0,0,2,4,71,3,10,5,12,0,4,1,2,0,
510,5,0,0,0,1,1,36,3,0,1,10,0,0,0,0,0,
511,9,1,2,0,2,2,25,2,3,3,0,1,3,1,0,0,
512,12,1,0,0,1,4,18,1,4,1,6,0,0,0,0,0,
513,14,9,0,0,2,8,18,3,3,6,38,0,3,0,0,0,
514,11,4,0,0,2,5,11,1,6,5,26,0,1,3,0,0,
515,31,3,1,0,3,18,31,3,16,10,24,0,3,0,0,2,
517,9,1,1,0,0,5,7,3,2,4,4,0,1,1,0,0,
518,14,3,0,0,0,2,13,1,1,5,14,0,0,0,0,0,
519,34,2,1,1,1,6,34,1,6,5,28,0,2,0,0,0,
520,18,4,1,0,1,6,21,2,10,6,20,0,2,7,0,0,
521,15,2,0,0,0,5,23,0,1,4,18,0,1,0,0,0,
522,14,0,0,0,2,4,35,0,3,6,8,0,0,2,0,2,
523,13,3,1,0,2,9,34,2,12,4,22,0,1,0,0,0,
524,13,2,0,0,4,5,27,3,8,3,26,0,1,1,0,0,
525,10,1,1,0,2,7,10,3,12,8,26,0,3,2,0,0,
526,10,1,0,0,1,6,36,3,1,2,18,0,2,2,0,2,
527,28,7,3,1,6,13,59,4,14,7,22,0,6,2,4,4,
528,9,2,0,0,1,0,16,1,1,2,4,1,0,3,0,0,
529,21,3,0,0,2,3,49,3,4,5,4,0,4,2,0,0,
531,16,3,0,0,2,3,19,0,7,10,32,2,1,1,0,0,
532,21,1,1,0,0,5,20,1,2,2,14,0,0,1,0,0,
533,4,1,0,0,0,0,37,1,0,1,10,0,1,1,0,0,
534,16,1,0,0,0,10,33,2,3,3,8,0,2,2,0,0,
536,29,1,0,0,3,10,23,0,7,3,26,0,2,0,0,0,
537,21,1,1,0,1,10,18,3,9,8,12,0,0,0,0,0,
538,9,3,1,0,1,10,18,2,5,3,22,0,1,0,0,0,
539,14,5,0,1,2,5,39,3,3,4,14,0,0,0,0,0,
540,7,1,0,0,1,0,38,1,0,1,14,0,1,0,0,0,
541,24,1,0,0,2,9,72,2,4,1,6,0,2,1,0,0,
542,15,5,1,0,0,5,32,1,3,5,18,0,3,1,0,0,
543,13,0,0,1,2,9,20,2,2,3,20,0,0,2,0,0,
544,8,4,0,1,4,4,19,0,2,5,6,0,1,0,0,0,
545,2,1,0,0,1,4,13,0,7,4,2,1,1,0,2,0,
546,18,4,1,1,1,15,47,1,12,14,32,0,1,0,0,0,
547,4,1,0,0,0,2,6,1,4,4,4,0,0,0,0,0,
548,3,0,0,0,0,0,17,3,0,0,2,0,0,0,0,0,
549,8,1,0,0,0,7,14,3,2,1,12,0,0,0,0,0,
550,13,1,2,0,0,2,25,3,1,6,8,0,1,0,0,0,
551,9,4,0,0,2,6,25,2,8,0,12,0,4,2,4,0,
552,12,3,0,0,0,8,14,0,11,4,18,2,2,3,0,0,
553,22,3,3,0,3,11,24,5,16,3,28,0,0,2,0,0,
554,14,3,0,0,2,3,21,2,7,4,12,0,1,1,0,0,
555,3,0,0,0,1,6,26,0,3,3,4,0,0,0,0,1,
558,18,5,1,0,0,9,28,1,2,1,14,0,0,1,0,2,
559,36,8,0,0,1,18,66,1,6,2,24,0,7,7,0,0,
561,25,5,0,0,6,8,37,3,16,7,28,0,1,2,0,0,
562,20,1,0,0,3,1,21,0,14,4,16,1,0,0,0,0,
564,10,8,0,0,2,14,23,4,16,7,30,0,2,0,0,2,
566,10,2,2,0,0,10,10,3,4,2,6,0,0,2,0,0,
567,16,3,0,0,3,11,27,2,8,15,26,0,2,6,0,0,
568,10,1,0,0,1,5,6,3,3,4,14,0,1,0,0,0,
569,2,2,0,0,0,1,40,1,0,2,16,0,0,2,0,0,
571,5,3,0,0,1,4,14,2,6,3,24,0,0,2,0,0,
572,6,3,0,0,2,1,26,3,4,4,12,0,0,0,0,0,
573,4,0,0,0,0,4,12,0,1,1,6,0,0,0,0,0,
574,10,2,0,0,0,5,9,2,9,1,6,0,1,1,0,0,
575,16,2,1,0,2,8,27,2,6,4,16,0,1,1,0,0,
576,18,3,0,0,0,1,33,5,0,2,24,0,0,2,0,0,
577,18,1,1,1,0,11,36,4,1,2,14,0,1,0,0,0,
578,6,2,0,0,0,5,7,0,2,0,6,0,1,2,2,0,
579,27,2,2,1,2,10,30,2,3,5,32,0,1,0,0,0,
581,14,1,0,0,0,2,16,0,1,4,10,0,1,0,0,0,
582,21,1,0,0,1,6,50,3,4,6,22,0,0,0,0,0,
583,17,9,3,0,0,6,24,1,11,6,28,0,1,0,0,0,
585,9,2,0,0,0,4,28,0,6,2,12,0,3,4,4,4,
587,13,6,2,0,1,8,13,1,9,6,4,0,0,0,0,0,
588,12,4,1,0,4,7,31,3,6,6,14,0,1,2,0,0,
589,13,5,0,0,2,9,34,1,7,5,16,0,3,3,0,0,
592,11,0,1,0,0,5,30,1,1,1,0,0,0,1,0,0,
594,18,3,0,0,3,7,12,2,12,11,8,0,0,0,0,2,
595,13,8,0,0,3,4,39,5,10,5,16,1,2,0,0,0,
596,27,3,1,0,2,16,65,8,9,10,26,1,5,5,0,0,
597,17,5,0,0,4,11,28,2,8,9,12,0,1,2,0,0,
598,20,1,0,0,0,6,22,1,7,6,12,0,0,1,0,0,
600,13,2,0,2,0,4,30,1,10,1,2,0,0,4,6,0,
602,8,2,0,0,2,4,4,0,3,4,4,0,0,0,0,0,
603,12,1,0,0,0,4,27,1,3,4,28,0,2,6,0,0,
606,21,1,0,0,2,4,37,1,9,6,4,0,1,0,0,0,
609,20,3,1,1,4,17,19,3,12,1,24,0,0,4,0,2,
610,8,1,0,0,0,6,32,1,0,1,10,0,0,0,0,0,
611,6,0,0,0,0,0,31,2,0,3,18,0,1,2,0,0,
612,12,1,0,0,2,11,20,2,4,2,8,0,1,3,0,0,
613,7,1,1,0,0,4,25,0,5,2,16,0,1,2,0,0,
615,7,0,0,0,0,1,8,0,5,2,8,0,0,4,0,0,
616,13,1,0,0,2,1,23,3,4,1,10,0,0,0,0,0,
617,17,4,0,0,3,14,25,3,15,6,22,0,0,6,0,0,
618,9,5,0,0,0,6,51,3,3,1,10,0,4,1,0,0,
621,14,1,0,0,0,5,27,0,6,2,8,0,0,0,0,0,
623,30,3,1,0,1,12,84,4,10,16,36,0,3,1,0,0,
624,40,6,3,1,4,12,49,9,28,6,32,1,3,8,0,2,
625,10,2,0,0,0,2,14,1,1,1,8,0,0,2,0,0,
626,22,1,0,0,1,6,23,1,7,5,36,1,1,0,0,0,
627,20,8,0,0,1,13,30,2,14,5,22,1,1,6,0,0,
628,18,6,0,0,0,12,17,1,3,4,18,0,3,0,0,0,
629,20,7,1,0,0,13,34,0,7,3,14,0,1,2,0,0,
630,7,3,0,0,1,4,30,3,1,1,8,0,2,1,0,2,
631,12,0,0,0,0,4,13,2,1,5,20,0,0,1,0,0,
634,4,1,0,0,0,3,9,0,0,2,2,0,1,0,0,0,
635,15,3,1,1,2,2,35,2,4,2,16,0,1,1,0,2,
636,11,3,0,0,1,6,35,1,2,1,10,0,2,2,0,0,
637,10,3,1,0,0,1,45,3,9,0,2,0,3,2,2,0,
638,0,10,0,0,0,1,3,23,1,0,3,0,0,0,0,0,0
640,17,4,0,0,3,2,30,0,2,1,24,0,0,3,0,0,
642,7,3,1,0,0,3,13,1,8,1,6,0,2,1,0,0,
643,22,1,1,0,1,11,25,3,6,13,10,0,2,0,0,0,
644,23,1,1,0,2,6,38,5,8,2,22,0,0,0,0,0,
645,35,1,0,0,1,4,22,2,6,6,24,0,1,1,0,0,
646,32,5,0,0,1,5,57,0,12,4,18,1,1,10,2,0,
647,34,5,1,0,5,15,65,2,11,3,34,0,4,0,0,0,
648,17,12,0,0,2,7,25,0,9,3,22,0,2,0,0,0,
649,23,2,1,0,3,5,50,1,2,3,8,0,2,0,0,0,
650,14,2,0,2,0,14,90,0,12,6,14,0,5,8,16,0,
651,8,2,0,0,0,3,24,2,2,2,16,0,1,0,0,0,
652,21,2,2,0,2,4,81,4,7,2,14,0,3,0,0,0,
653,26,9,1,1,2,23,57,6,16,8,14,0,3,4,0,0,
654,33,5,0,1,1,9,18,2,8,13,56,0,0,2,0,0,
655,17,1,0,0,3,9,30,3,4,2,18,0,3,2,0,0,
657,16,4,0,0,3,5,46,2,11,4,4,0,0,2,0,0,
658,9,0,0,0,4,5,23,1,6,4,4,0,0,1,0,0,
659,22,6,2,0,2,3,52,2,11,3,20,0,3,0,2,0,
661,8,2,1,0,1,1,16,2,4,0,6,0,1,0,0,0,
662,16,3,1,0,6,8,17,2,11,4,22,0,0,1,0,0,
663,14,6,1,0,5,11,35,6,11,5,14,0,3,4,0,0,
664,28,5,0,0,5,13,28,0,10,6,4,0,1,3,0,0,
665,11,4,0,0,1,4,32,2,5,3,8,0,0,0,2,0,
666,11,6,2,0,1,4,26,4,3,9,6,0,1,2,0,2,
667,16,4,1,0,2,5,40,1,9,4,16,0,0,1,0,2,
668,11,4,1,0,0,11,19,1,4,5,14,0,1,0,2,0,
669,21,9,0,0,1,5,33,0,10,4,24,0,3,0,0,0,
671,6,0,0,2,0,6,41,1,10,2,4,0,2,2,6,0,
672,11,3,0,0,1,5,43,4,13,6,10,1,1,0,0,0,
673,6,10,0,0,1,6,24,3,3,6,4,0,0,2,0,0,
675,17,1,0,0,0,3,44,1,2,5,20,0,0,0,0,0,
677,20,1,1,0,1,9,4,3,8,4,8,0,2,0,0,0,
678,32,2,1,0,5,7,45,0,8,2,44,0,0,3,0,0,
679,13,3,4,0,1,4,21,1,9,2,18,0,0,0,0,0,
680,13,1,0,0,1,4,19,0,2,1,20,0,1,2,0,0,
682,11,2,0,0,0,11,24,2,5,2,22,0,1,0,0,0,
683,12,8,0,0,2,9,43,3,6,7,18,2,1,0,0,0,
684,43,9,0,0,2,16,48,2,13,7,20,0,3,2,6,0,
685,19,6,1,0,0,11,36,2,9,11,20,0,0,1,0,0,
686,11,4,1,0,2,6,14,3,6,4,20,0,1,6,0,0,
687,16,3,2,0,1,5,71,5,8,2,0,0,1,1,4,0,
688,29,5,5,2,2,13,58,5,12,9,24,0,8,6,4,0,
690,12,8,1,1,2,0,48,4,20,2,20,0,5,0,4,0,
691,15,2,0,0,1,22,19,1,19,6,10,0,1,3,0,0,
692,10,4,0,0,0,5,8,1,3,3,12,0,1,3,0,0,
693,6,3,0,0,0,6,25,0,3,1,2,1,1,0,0,0,
694,20,3,1,0,0,4,28,6,3,3,28,0,2,0,0,0,
695,27,2,0,0,1,6,38,2,10,3,18,0,0,4,0,0,
696,6,2,0,0,2,1,33,0,0,1,6,0,1,1,0,0,
697,37,1,1,1,1,7,45,3,7,3,10,0,2,0,0,2,
698,5,0,1,0,0,4,14,1,6,1,10,0,0,2,2,0,
700,31,1,0,0,5,0,38,7,3,5,14,0,1,0,0,0,
701,10,1,0,0,0,6,17,0,7,2,12,0,1,2,2,0,
702,26,3,0,1,1,10,28,2,11,4,20,0,3,0,0,0,
703,14,1,0,0,1,8,13,1,7,1,8,0,0,0,0,0,
704,17,1,3,0,0,8,47,7,10,5,20,0,2,2,2,0,
705,2,1,0,1,0,1,15,2,0,0,2,0,0,0,0,0,
706,10,1,0,0,1,4,11,1,4,2,18,0,0,0,0,0,
707,15,5,2,0,2,6,16,2,5,1,32,0,1,0,0,0,
708,22,3,1,0,3,7,28,2,9,5,12,0,0,0,0,0,
709,17,9,0,0,1,11,35,7,16,5,42,0,4,3,0,0,
710,19,5,0,0,2,6,17,1,6,1,26,0,0,1,0,0,
712,33,7,2,0,6,12,12,1,2,2,4,0,0,3,0,2,
713,16,1,2,0,2,7,16,2,11,11,16,0,1,1,0,0,
714,16,2,1,0,2,12,39,2,18,12,22,0,3,0,0,0,
715,17,2,2,0,3,3,22,2,5,3,4,0,0,1,0,0,
716,4,2,0,0,1,7,24,0,7,4,6,0,0,0,2,0,
717,8,5,2,0,1,11,26,1,8,2,4,0,3,0,2,0,
718,8,1,0,0,0,5,18,2,8,3,30,0,0,0,0,0,
719,30,3,0,1,2,7,44,6,15,3,22,0,0,0,0,0,
720,22,3,2,5,3,10,34,1,4,3,12,0,1,0,2,0,
721,13,0,0,0,0,1,30,0,0,1,2,0,0,0,0,0,
722,37,3,0,0,0,8,103,2,7,4,12,0,2,4,4,0,
723,4,2,0,1,2,5,30,1,1,1,2,0,0,0,0,0,
724,7,1,0,0,1,1,13,2,6,3,8,0,1,2,0,0,
725,17,5,1,0,0,8,24,3,11,6,12,0,1,1,0,0,
726,12,1,0,2,0,4,37,2,2,2,12,0,2,1,0,0,
727,14,4,1,0,0,7,40,3,8,0,4,1,5,3,0,0,
728,25,2,0,0,0,19,37,4,5,5,18,0,0,0,0,0,
729,24,1,0,0,2,7,59,1,7,5,38,0,3,1,0,2,
730,40,7,1,1,1,13,67,7,5,4,28,0,2,8,2,2,
731,20,1,3,0,3,7,59,7,8,5,14,0,3,1,0,0,
732,15,3,1,0,1,9,36,2,5,2,14,0,1,0,2,0,
733,21,0,0,0,2,6,11,0,12,5,6,0,1,0,0,0,
734,30,4,2,0,3,21,26,4,10,13,72,0,2,2,0,0,
735,15,6,0,0,2,7,48,2,9,3,6,0,3,1,2,0,
736,24,2,0,0,0,13,36,2,6,7,10,0,1,4,0,0,
737,58,5,0,1,4,12,26,4,17,8,64,0,1,0,0,0,
738,24,0,0,0,0,3,51,1,10,5,16,0,2,1,0,0,
739,4,0,1,0,0,0,22,1,0,2,4,0,1,0,0,0,
740,13,5,2,0,4,8,31,1,7,2,8,0,1,1,0,0,
741,15,5,0,0,2,6,47,3,11,11,32,0,2,3,0,0,
742,8,6,1,0,3,3,22,0,1,2,24,0,0,0,0,0,
743,6,1,0,0,0,7,17,1,6,6,16,0,1,0,0,2,
745,4,5,0,0,0,8,22,0,0,3,10,0,1,0,0,0,
746,18,0,0,0,0,7,31,2,3,0,16,0,1,2,0,0,
748,21,7,0,0,1,10,32,6,5,7,20,0,2,4,0,0,
749,10,3,0,0,1,6,19,1,6,6,16,0,1,0,0,0,
750,8,1,0,0,1,1,28,3,0,0,2,0,0,0,0,0,
751,20,3,0,0,4,8,24,1,5,2,4,0,1,1,0,0,
753,26,11,0,0,3,10,36,6,11,4,38,0,3,5,0,0,
755,22,6,0,0,0,14,55,3,11,7,8,0,1,6,6,0,
756,23,10,1,1,5,15,45,0,19,0,22,0,3,0,0,0,
757,20,4,0,0,0,5,71,6,8,5,16,0,5,2,4,0,
758,10,1,0,2,2,4,28,0,1,7,10,0,0,0,0,2,
759,33,2,1,0,3,3,22,2,4,3,12,1,1,0,0,2,
761,20,6,2,0,1,8,40,1,4,3,18,0,3,2,0,0,
762,7,2,0,0,3,4,13,4,5,6,16,0,3,0,0,0,
763,18,1,2,0,2,2,29,1,1,2,4,0,3,2,0,0,
767,20,2,1,0,4,15,34,7,11,5,22,0,3,0,0,0,
768,7,1,0,0,3,6,22,2,0,5,2,0,0,0,0,0,
769,9,3,0,0,0,5,23,2,6,2,14,0,1,1,0,0,
770,10,3,0,0,2,3,26,2,4,3,22,0,0,0,0,0,
771,11,3,0,0,1,9,14,0,5,3,22,0,1,1,0,0,
772,10,1,0,0,0,6,28,3,2,1,14,0,2,0,0,0,
773,5,3,0,1,0,4,17,2,2,4,14,0,0,0,0,0,
774,26,5,0,1,2,14,53,5,15,3,26,1,5,4,0,0,
775,12,1,0,0,2,5,42,1,9,3,14,0,1,3,0,0,
776,18,9,1,0,0,7,72,1,16,7,6,0,6,6,16,0,
777,22,2,5,4,1,15,65,14,11,4,22,2,7,6,14,4,
779,19,5,5,0,2,5,26,6,4,3,8,0,0,0,0,0,
780,34,1,2,0,2,4,40,1,3,1,14,0,2,0,0,0,
781,35,1,0,0,1,9,25,1,4,8,16,1,0,2,0,0,
782,12,6,0,0,3,13,48,1,8,6,40,0,1,2,0,0,
783,29,3,1,0,3,10,17,6,12,6,18,0,3,5,0,0,
784,32,3,0,0,0,6,75,2,11,5,22,0,2,6,8,0,
785,6,0,2,0,0,4,29,4,1,2,0,0,1,0,0,0,
786,11,2,2,0,2,4,14,2,5,5,8,0,1,0,0,2,
787,23,2,1,0,1,6,40,2,7,2,6,0,0,2,0,0,
788,12,1,0,0,0,2,25,4,1,3,10,0,1,1,0,0,
789,12,1,0,0,0,2,15,0,2,9,8,0,2,2,0,0,
790,14,5,0,0,1,2,26,1,5,3,10,0,0,2,0,0,
791,13,3,0,0,2,4,33,2,6,3,8,0,1,0,0,0,
792,5,2,0,0,0,4,31,0,5,2,16,0,4,3,4,0,
793,6,0,0,0,0,2,21,1,2,0,8,0,0,0,0,0,
795,13,1,0,0,5,7,18,1,3,4,14,1,1,2,0,0,
796,32,6,0,1,4,17,35,5,15,5,36,0,2,4,2,0,
797,8,4,0,0,0,5,20,2,7,1,18,0,2,2,2,0,
799,12,3,0,0,1,6,30,0,6,4,30,0,0,5,2,0,
800,23,6,0,0,1,17,29,2,13,4,26,1,0,2,0,0,
801,21,1,1,0,3,11,15,1,6,6,24,0,3,4,0,0,
802,23,3,3,1,2,6,12,1,3,4,22,0,0,0,0,0,
803,24,7,0,0,1,12,37,2,12,4,20,0,3,0,0,0,
804,7,3,0,0,1,4,21,1,3,0,6,1,3,0,0,0,
805,26,8,2,0,1,9,73,2,5,0,22,0,2,8,0,2,
806,2,0,0,0,1,1,19,1,1,1,8,0,0,0,0,0,
807,12,3,1,0,0,9,10,1,7,5,20,0,3,1,0,0,
808,10,0,0,0,1,6,27,0,1,4,12,0,1,0,0,0,
809,24,3,1,0,2,13,24,1,6,9,30,1,1,1,0,0,
810,11,8,0,0,1,17,28,3,20,6,14,0,2,2,0,0,
811,6,6,1,0,1,2,17,3,5,3,30,0,1,2,0,0,
812,23,1,2,2,0,8,35,4,9,3,20,0,2,1,2,0,
813,6,3,0,0,2,6,47,3,8,2,8,1,0,1,0,0,
814,9,0,0,0,0,2,23,0,0,0,8,0,1,4,0,0,
815,31,8,0,0,1,13,31,1,9,9,26,0,1,0,0,2,
816,18,9,1,1,1,12,41,3,7,5,18,0,1,0,0,2,
817,20,3,0,0,0,17,20,1,15,4,12,0,3,0,2,0,
818,18,2,0,0,1,9,26,2,1,3,8,0,2,2,0,0,
819,10,2,0,0,0,5,22,0,5,0,12,0,0,0,0,0,
820,29,7,1,0,4,13,41,7,11,14,46,0,0,0,0,0,
821,23,1,0,1,4,12,19,0,8,1,6,0,0,0,0,0,
822,22,6,0,2,0,23,45,4,14,3,12,0,6,4,14,0,
823,35,8,1,0,0,15,56,1,11,3,24,0,2,2,0,0,
824,20,3,1,1,0,15,26,1,6,2,26,0,0,0,0,0,
826,25,9,2,0,0,12,48,1,13,6,42,1,1,2,0,0,
827,14,4,0,1,2,7,61,3,10,3,34,0,5,0,0,0,
828,14,3,0,0,3,5,23,4,14,2,2,0,4,3,0,0,
830,17,1,0,0,0,8,28,0,12,2,24,0,1,2,0,0,
832,28,2,0,0,1,8,18,0,7,6,10,0,0,1,0,0,
834,14,0,0,0,0,7,60,1,1,1,4,0,3,1,0,0,
835,14,9,1,1,3,13,17,3,13,7,14,1,3,2,0,0,
837,6,2,0,0,3,3,14,0,3,1,2,0,0,0,0,0,
838,19,7,0,0,0,2,18,1,6,4,18,0,0,2,0,0,
839,15,7,3,0,3,20,37,4,9,2,14,0,7,8,4,0,
840,9,1,0,0,1,3,19,0,2,2,6,0,1,2,0,0,
841,32,12,0,0,2,15,34,3,17,12,26,0,3,3,0,0,
842,8,1,0,0,0,9,27,1,8,0,6,0,0,0,6,0,
843,22,7,0,0,0,13,39,3,7,2,52,0,0,1,0,2,
844,18,0,1,0,4,8,47,2,7,4,14,0,2,0,0,0,
845,10,0,0,0,1,3,29,3,7,6,12,0,0,0,0,2,
846,33,7,1,0,1,6,45,5,8,2,42,0,3,3,0,0,
847,9,6,0,0,3,7,15,4,10,5,24,0,1,0,0,0,
848,8,2,0,0,1,2,18,0,1,1,12,0,0,0,0,0,
849,10,1,0,0,0,6,20,4,1,1,14,0,0,0,0,2,
850,40,9,2,0,4,12,49,2,12,2,18,0,2,2,0,2,
851,17,1,0,1,2,6,29,2,4,1,28,0,0,0,0,0,
852,25,6,0,2,4,12,40,3,19,4,28,0,4,2,0,0,
853,13,3,0,1,0,17,36,3,13,9,4,0,1,4,6,0,
854,13,2,0,0,0,4,20,2,14,2,10,0,4,3,0,0,
855,7,0,0,0,0,0,13,0,0,0,2,0,0,0,0,0,
856,20,3,1,1,0,5,67,0,6,4,44,1,0,2,0,0,
857,18,1,3,0,1,8,34,2,2,1,14,0,0,2,0,0,
858,25,2,1,0,1,6,19,0,8,8,8,0,4,3,0,0,
860,14,7,0,0,1,5,16,3,10,8,12,0,1,2,0,0,
861,0,14,0,0,0,1,5,20,0,0,2,0,0,3,4,0,4
864,17,3,0,0,3,4,35,2,6,4,28,0,1,2,0,0,
870,15,2,0,0,0,3,16,4,3,1,22,0,1,0,0,0,
871,25,6,3,0,2,16,37,6,11,4,26,1,1,0,0,0,
873,17,8,1,0,6,22,21,0,9,8,20,0,2,1,0,0,
874,11,3,0,0,1,5,59,0,3,2,12,0,0,0,8,0,
875,23,2,0,0,0,7,39,2,4,4,18,0,3,4,0,0,
876,13,7,0,0,3,7,38,3,6,2,10,0,0,0,0,0,
877,9,0,0,0,1,1,20,0,5,0,2,0,1,4,0,0,
879,13,0,0,0,1,3,11,3,1,2,14,0,0,0,0,0,
880,26,6,0,0,1,19,21,6,21,3,20,0,4,2,0,0,
882,31,7,0,1,0,4,20,0,10,4,22,0,4,3,0,0,
884,12,0,0,0,1,9,40,1,2,2,16,0,1,0,2,0,
885,22,3,0,0,4,10,14,5,8,4,24,0,1,0,0,0,
886,29,3,0,0,5,7,33,4,8,7,50,0,2,3,0,0,
887,20,2,0,0,0,10,37,2,12,3,18,0,1,0,0,0,
888,23,2,0,0,4,10,26,1,4,3,14,0,1,0,0,0,
889,23,6,0,0,0,13,44,2,17,9,18,0,5,5,2,2,
890,8,0,0,0,1,3,33,0,5,1,10,0,1,2,0,0,
891,17,2,0,0,1,4,60,4,3,7,4,0,0,0,2,0,
892,31,2,0,0,2,15,25,3,9,9,22,0,1,0,0,0,
894,10,7,0,0,5,2,12,1,2,0,14,0,0,0,0,0,
895,20,3,2,0,0,1,22,1,10,3,12,0,2,2,0,2,
896,10,2,0,0,0,3,27,0,4,4,20,0,1,2,0,0,
897,11,2,0,0,0,2,12,0,3,5,16,0,0,0,0,0,
898,17,3,0,0,1,5,59,1,11,0,12,0,0,2,4,0,
900,19,5,1,0,1,14,35,4,12,3,14,0,2,0,0,0,
901,13,1,0,0,0,2,4,0,5,6,10,0,1,0,0,2,
902,11,0,2,0,0,4,15,5,6,3,20,0,0,3,0,0,
903,25,4,2,0,0,8,49,0,4,2,8,0,1,2,0,0,
904,21,4,0,0,4,3,30,1,3,4,10,0,1,3,0,0,
905,29,6,1,0,5,17,44,3,16,7,32,0,7,0,0,2,
906,18,4,0,0,0,5,27,3,7,7,10,0,1,3,0,0,
907,9,1,0,0,0,1,20,2,4,0,14,0,0,1,0,0,
908,18,8,1,0,3,8,42,0,7,8,18,0,1,0,0,0,
909,14,2,0,0,0,6,55,3,2,0,22,0,3,0,0,0,
911,12,1,0,0,1,3,19,1,1,5,22,0,1,1,0,0,
912,8,1,0,0,1,0,16,2,3,6,10,0,1,0,0,0,
913,12,2,0,0,0,4,11,0,1,2,10,0,0,1,0,0,
914,9,2,0,0,2,5,21,1,9,2,4,0,3,2,0,0,
917,36,11,1,0,5,13,53,3,13,2,32,0,4,3,0,0,
919,24,1,0,0,2,18,24,5,5,9,28,0,0,3,0,0,
920,6,0,0,0,0,2,15,2,0,2,8,0,0,0,0,0,
921,16,2,1,0,2,6,33,3,7,2,14,0,0,1,0,0,
924,40,8,3,0,2,21,41,4,13,12,24,0,2,2,0,0,
925,22,6,1,0,2,8,27,2,0,10,24,0,1,0,0,0,
926,35,4,0,0,3,17,27,3,4,7,38,0,2,0,0,0,
928,13,3,0,0,0,9,36,5,3,0,6,0,4,2,2,0,
929,22,4,0,0,3,8,23,1,7,7,16,0,2,4,0,2,
930,17,1,0,0,1,10,8,1,7,8,22,0,1,1,0,0,
931,28,2,0,1,0,6,44,4,4,7,52,0,0,0,0,0,
934,12,5,1,0,1,7,15,2,9,4,8,0,0,1,0,0,
935,6,3,0,0,0,1,13,1,13,3,4,1,4,4,32,0,
936,21,2,0,0,2,2,29,3,4,4,6,0,0,0,0,0,
937,39,5,2,0,2,16,50,3,13,8,28,0,1,12,0,0,
938,15,3,0,0,3,5,25,0,1,2,16,0,0,0,0,0,
939,22,7,2,0,5,20,27,5,21,7,26,1,4,4,0,0,
940,19,4,0,1,1,15,38,0,12,2,14,0,1,5,4,0,
941,11,1,0,0,8,2,29,3,8,3,20,0,1,4,0,0,
942,2,1,0,0,1,3,11,1,4,5,8,0,1,0,0,0,
945,7,2,0,0,1,1,21,1,4,2,16,0,0,0,0,0,
946,20,5,1,22,1,0,108,1,24,5,38,0,15,4,24,0,
948,4,0,0,0,0,3,12,1,6,2,12,0,0,2,0,0,
949,11,3,1,0,2,2,37,0,4,7,10,0,1,0,0,0,
951,25,4,0,1,1,14,53,4,4,6,30,0,1,1,0,0,
952,40,11,2,0,3,9,52,3,17,8,16,1,4,0,0,0,
953,23,3,0,0,0,8,54,2,6,6,26,0,0,1,0,0,
954,0,11,0,0,0,0,2,11,0,0,3,0,0,3,0,0,2
955,21,5,0,1,4,17,25,7,14,2,24,0,1,0,0,0,
956,33,1,0,0,2,4,90,2,5,4,8,0,1,2,6,0,
957,5,0,0,0,2,2,26,0,2,2,14,0,0,0,0,0,
959,16,5,0,0,1,5,20,6,12,4,20,1,3,0,0,0,
960,17,1,1,0,1,8,32,0,6,4,32,0,2,0,0,0,
961,12,3,0,1,0,6,40,4,9,3,10,0,2,0,0,0,
962,14,2,0,0,2,8,54,1,3,7,28,0,1,0,0,0,
964,24,4,0,0,0,13,38,3,27,7,14,0,6,4,2,0,
965,6,1,0,0,1,6,21,0,0,0,4,0,1,0,0,0,
966,17,3,1,0,2,11,23,2,15,4,12,0,3,4,0,0,
967,14,2,0,0,0,3,28,1,2,4,14,0,0,3,0,0,
969,18,3,0,0,2,8,20,2,5,8,36,0,1,3,0,0,
970,10,1,0,0,0,4,14,1,2,1,24,0,0,1,0,2,
972,14,3,0,1,0,7,33,4,3,1,8,0,1,0,0,0,
973,12,1,0,0,1,8,32,2,6,2,4,0,0,1,0,0,
974,18,2,0,0,3,4,36,2,6,2,12,0,2,2,0,0,
975,11,0,0,0,0,4,22,2,2,3,22,0,0,0,0,0,
976,16,3,0,0,2,18,34,2,12,0,16,0,2,4,4,0,
978,6,2,0,0,1,6,33,1,1,2,4,0,1,0,0,0,
979,27,2,0,0,2,6,47,0,11,5,16,0,3,0,0,0,
981,4,2,1,0,2,6,23,0,7,5,2,0,1,0,0,0,
982,10,2,0,0,2,6,8,2,6,7,20,0,1,0,0,0,
983,29,5,2,0,0,7,63,0,8,8,60,0,2,4,0,1,
984,11,1,0,0,1,1,37,3,6,1,4,0,1,3,2,0,
986,11,3,0,0,1,5,30,1,5,7,10,0,0,2,0,0,
987,17,2,2,0,1,13,26,1,6,9,14,0,2,4,4,0,
988,29,4,2,0,1,6,37,6,7,6,28,0,1,1,0,0,
990,10,2,1,0,0,6,22,0,7,5,12,0,2,0,0,0,
991,26,0,0,0,3,11,52,3,4,2,28,0,0,0,0,0,
993,6,3,1,0,0,6,19,6,3,8,36,0,3,0,0,0,
994,9,1,1,0,1,4,34,3,7,0,12,0,1,0,0,0,
995,16,4,2,0,7,5,86,2,24,6,42,0,5,5,4,0,
996,18,1,0,0,3,3,27,3,9,2,12,0,0,0,0,0,
997,15,4,2,0,4,4,24,1,7,4,6,0,2,2,0,0,
998,18,4,0,0,0,2,32,0,1,2,12,0,1,1,0,0,
999,25,5,0,1,2,12,78,5,5,3,36,0,1,0,0,0,
1000,17,0,0,0,0,8,30,2,10,4,12,0,1,0,0,0,
1001,13,4,0,0,0,5,25,1,10,5,12,0,1,4,0,0,
1002,7,1,0,0,0,0,33,1,0,1,2,0,0,0,2,0,
1003,22,4,0,0,4,6,11,2,6,5,28,0,0,0,0,0,
1004,10,2,0,0,2,8,36,1,3,3,14,0,0,0,0,0,
1005,11,1,0,0,2,3,34,1,1,4,10,0,0,0,0,0,
1006,16,1,0,1,1,12,46,1,6,5,22,1,1,0,0,0,
1008,14,1,1,0,3,1,13,4,3,6,0,0,1,1,0,0,
1009,19,4,0,0,1,7,34,3,1,2,6,0,1,0,0,0,
1011,39,5,2,1,5,18,76,2,15,4,38,1,4,2,0,1,
1012,25,2,0,0,2,9,48,3,7,9,22,0,3,0,0,0,
1013,11,3,0,0,0,12,17,5,7,7,20,0,2,6,0,0,
1014,55,4,1,0,5,16,30,3,14,11,36,0,0,3,0,0,
1015,24,3,2,0,0,13,33,2,7,3,16,0,3,0,0,0,
1016,22,3,0,0,2,5,58,1,19,7,14,0,6,12,6,0,
1017,41,11,0,2,2,7,34,3,5,11,24,1,0,0,0,2,
1018,11,5,1,0,0,7,17,0,0,6,14,0,1,0,4,0,
1019,15,1,0,0,0,6,19,0,8,1,4,0,0,2,0,0,
1020,24,11,1,1,1,7,43,5,12,8,38,0,5,5,0,0,
1021,4,1,2,0,2,2,15,0,4,1,4,1,0,2,0,0,
1022,32,0,0,0,0,6,23,3,2,4,6,0,0,0,0,0,
1023,16,8,0,0,3,14,50,2,16,2,8,0,4,1,4,0,
1024,17,2,0,0,0,1,18,1,0,3,8,0,0,0,0,1,
1025,13,2,0,0,1,12,22,1,9,6,6,0,1,0,0,0,
1026,15,5,2,1,0,4,38,3,11,4,16,0,1,2,0,0,
1027,27,1,0,0,3,5,43,2,5,1,10,0,2,0,0,0,
1028,30,3,0,0,3,9,78,3,5,11,8,0,5,1,2,0,
1029,7,1,0,1,0,0,15,1,2,0,8,0,2,0,0,0,
1031,10,2,0,1,1,6,24,0,4,1,14,0,2,2,0,0,
1032,9,1,1,0,0,1,22,0,0,1,10,0,0,2,0,0,
1033,13,2,0,0,1,5,11,1,10,3,6,0,0,0,0,0,
1034,16,6,0,0,2,7,20,2,14,1,10,0,3,0,0,2,
1035,21,6,0,1,0,6,31,5,11,8,28,1,0,0,0,4,
1036,13,2,1,0,2,8,52,3,2,1,16,0,1,3,0,0,
1037,21,1,1,0,0,7,27,1,4,2,30,0,0,1,0,0,
1038,12,5,0,0,1,8,28,4,8,2,22,0,3,4,0,0,
1039,17,4,0,0,0,10,16,4,4,7,24,0,2,1,0,0,
1040,11,6,0,1,1,11,20,1,11,3,2,0,1,3,0,0,
1041,9,2,0,0,0,2,14,0,1,2,2,0,2,0,0,0,
1042,9,3,4,0,3,5,37,5,6,5,12,0,1,2,0,0,
1044,8,1,0,0,0,2,14,0,1,0,0,0,0,0,0,0,
1045,13,1,2,0,0,4,29,1,3,0,6,0,4,0,0,0,
1046,16,4,0,0,2,5,26,6,7,2,10,0,1,0,2,0,
1047,22,3,0,0,2,22,15,2,23,4,22,0,1,4,0,2,
1048,21,0,1,0,1,2,39,3,6,4,12,0,2,0,0,0,
1049,24,4,0,1,1,4,78,6,8,4,22,0,0,0,4,0,
1050,12,2,1,0,1,12,14,7,6,5,18,0,1,1,0,0,
1051,23,1,0,0,0,5,30,6,8,3,32,0,1,2,0,0,
1052,16,2,0,0,1,5,46,5,6,3,14,0,2,1,0,0,
1053,25,5,1,0,3,11,41,0,7,5,10,1,1,4,0,0,
1054,9,4,1,0,0,7,19,3,5,3,16,0,2,0,0,0,
1055,23,4,4,0,1,12,55,1,11,4,14,0,5,6,0,0,
1056,30,5,0,0,2,8,78,5,14,1,20,0,7,3,4,2,
1057,35,4,1,0,3,15,63,2,14,5,28,0,5,2,6,2,
1058,11,2,0,0,1,5,14,4,6,3,6,0,1,0,0,0,
1059,18,2,0,0,2,11,40,5,8,11,12,0,6,0,0,0,
1060,17,2,0,0,2,6,28,2,10,2,12,1,2,0,0,2,
1061,18,6,0,0,2,14,35,3,9,8,22,0,1,3,0,0,
1062,14,3,0,0,2,3,43,0,4,0,14,0,2,1,0,0,
1063,23,7,3,0,1,4,49,3,6,4,44,0,0,0,0,0,
1064,39,5,2,0,1,21,31,8,20,10,36,0,3,1,0,0,
1066,8,2,0,0,0,6,25,0,2,4,0,0,0,0,0,0,
1067,13,2,0,0,0,11,24,4,11,4,14,0,3,2,0,0,
1069,12,0,0,0,2,7,27,1,9,6,6,0,1,0,0,0,
1070,11,1,1,0,1,5,22,2,2,1,24,0,0,2,0,0,
1071,67,8,1,0,1,12,77,1,12,9,34,0,0,1,0,0,
1072,11,0,0,0,1,2,27,3,2,6,4,0,1,1,0,0,
1073,16,8,0,0,1,7,52,3,6,16,20,0,1,0,0,0,
1074,24,5,2,0,1,5,56,2,2,3,26,0,0,4,0,0,
1076,6,0,0,0,0,3,13,2,1,4,6,0,1,2,0,0,
1078,8,1,2,0,0,7,22,0,3,7,10,0,1,1,0,0,
1079,19,4,0,0,3,3,40,2,9,3,10,0,2,2,0,0,
1080,22,0,0,0,2,9,72,3,7,5,38,0,2,2,0,0,
1081,16,2,1,0,1,4,39,1,2,2,26,0,0,3,0,0,
1083,31,5,0,0,4,10,24,3,3,7,32,0,0,2,0,0,
1084,10,3,1,0,1,6,30,3,6,1,24,0,1,1,0,0,
1085,12,4,0,0,1,6,21,0,3,1,4,0,1,0,0,0,
1086,62,5,1,0,2,4,50,13,10,8,24,0,1,2,0,0,
1087,3,3,0,1,1,2,10,1,1,1,12,0,1,1,0,0,
1088,19,1,0,0,0,4,29,1,12,3,8,0,0,0,0,0,
1089,22,4,3,0,0,18,14,1,16,3,32,0,4,0,0,0,
1090,7,4,0,1,0,4,28,2,6,1,10,0,2,0,0,0,
1091,4,4,1,0,2,4,34,0,4,1,12,0,1,0,0,0,
1092,46,8,3,0,1,15,55,3,6,8,12,0,5,6,0,0,
1093,19,6,1,0,2,5,24,3,3,5,2,1,0,3,0,0,
1094,8,4,1,0,0,4,14,3,6,5,4,0,0,0,0,0,
1095,10,5,0,0,1,2,12,1,6,8,10,0,1,1,0,0,
1097,7,6,1,0,1,13,18,0,8,9,10,0,3,2,0,0,
1098,9,1,0,0,0,1,23,0,0,3,4,1,0,0,0,0,
1099,9,1,0,0,3,1,31,4,1,1,24,2,0,0,0,0,
1100,18,2,0,0,3,9,37,2,10,5,10,0,2,2,0,0,
1101,10,1,0,0,1,1,27,0,4,2,14,0,3,4,0,0,
1102,32,3,1,0,1,23,49,5,22,10,18,0,4,2,0,6,
1103,15,5,0,0,1,11,42,4,8,1,10,0,3,2,0,0,
1104,3,2,0,0,0,2,10,1,2,3,12,0,1,0,0,4,
1105,18,3,0,0,2,8,23,2,6,9,14,0,0,1,0,0,
1106,6,4,0,0,1,4,52,1,12,5,10,0,4,2,20,0,
1108,20,1,0,0,3,12,33,1,10,6,28,0,1,5,0,0,
1109,19,3,0,0,2,12,44,2,7,7,20,0,3,4,0,0,
1110,7,1,0,0,1,2,40,0,2,0,4,0,1,0,4,0,
1111,12,0,0,0,2,6,32,0,2,1,2,0,0,1,0,0,
1112,6,3,0,0,2,3,20,3,18,3,10,0,2,2,0,0,
1113,10,7,0,0,2,7,39,0,2,2,8,0,4,0,0,2,
1115,12,10,0,0,0,3,25,3,9,5,16,0,0,5,0,0,
1116,6,2,0,0,0,4,13,0,4,5,26,0,1,4,0,0,
1117,5,0,0,0,1,2,27,0,7,2,8,0,0,0,0,0,
1118,35,12,4,0,1,19,79,4,19,6,42,0,6,3,6,0,
1119,15,7,1,0,1,12,39,3,17,8,18,0,3,0,2,0,
1120,8,0,0,0,0,4,16,0,0,1,2,0,0,0,0,0,
1122,18,0,0,0,6,11,22,2,9,10,26,0,1,3,0,0,
1123,8,5,0,0,2,9,45,1,8,2,14,1,0,1,0,0,
1124,21,4,2,0,1,5,22,1,4,3,10,0,0,0,0,0,
1125,26,2,0,0,4,8,43,8,11,3,38,0,0,1,0,0,
1126,7,3,1,0,2,10,27,2,6,8,22,0,3,0,0,0,
1127,12,3,4,0,2,11,39,2,12,4,16,0,2,1,0,0,
1128,8,1,0,0,1,6,15,1,0,2,4,0,0,0,0,0,
1131,4,3,0,0,0,0,20,1,0,0,8,0,0,0,0,0,
1132,17,5,0,0,3,18,20,0,8,6,10,0,1,1,0,0,
1133,36,7,0,0,1,21,24,4,11,15,46,1,4,3,0,2,
1134,16,4,1,0,2,4,32,3,6,1,16,0,1,2,0,0,
1136,22,9,0,0,2,13,47,3,15,8,32,1,2,5,0,2,
1137,13,4,0,0,2,9,52,1,10,7,8,0,5,4,4,0,
1138,17,4,0,0,2,2,67,3,5,2,14,0,5,4,6,0,
1139,18,4,0,0,1,13,72,2,14,5,30,0,4,5,0,0,
1141,24,8,1,0,2,8,31,1,9,5,20,1,2,3,0,0,
1142,20,12,0,0,2,15,37,1,12,8,18,0,3,5,0,0,
1143,33,3,0,1,2,9,72,1,2,7,28,0,4,2,0,2,
1144,19,4,2,0,0,11,22,1,6,15,34,0,1,1,0,2,
1145,20,4,1,0,1,14,33,2,13,2,12,0,0,0,0,0,
1146,13,1,0,1,0,6,31,0,3,5,6,0,0,0,0,0,
1147,9,3,0,0,2,5,15,3,9,7,16,0,1,0,0,0,
1148,13,1,1,1,2,11,13,2,7,4,12,0,3,0,0,0,
1149,6,0,0,1,0,5,22,2,4,4,4,0,1,1,0,0,
1150,23,0,1,0,3,14,21,2,19,6,14,0,0,0,0,2,
1151,29,5,1,1,4,14,68,4,18,5,44,0,4,2,0,0,
1152,8,1,1,0,0,3,3,1,5,3,6,1,1,1,0,0,
1154,12,0,0,0,0,4,15,0,3,2,2,0,0,0,0,0,
1156,11,2,1,0,1,3,27,0,8,3,26,0,2,2,0,2,
1158,13,2,2,0,0,4,77,2,4,1,2,0,6,2,6,0,
1159,17,5,0,1,1,7,47,2,5,2,22,0,4,4,4,0,
1160,36,2,1,0,4,7,76,2,12,4,16,0,0,1,0,0,
1161,18,2,0,0,0,8,39,4,3,6,18,0,2,0,0,0,
1163,15,3,2,0,0,4,23,2,5,3,20,0,0,1,0,0,
1164,23,3,1,1,1,14,17,5,10,5,26,0,2,3,0,2,
1167,11,5,0,0,1,8,24,1,8,4,16,0,1,0,2,0,
1169,13,4,0,0,0,8,48,4,5,5,0,0,0,2,4,0,
1170,25,2,0,1,4,5,34,5,5,2,24,0,0,0,0,0,
1171,9,2,0,0,0,8,28,1,3,5,12,0,1,0,0,0,
1172,6,3,0,0,2,6,31,3,5,2,12,0,1,0,0,0,
1173,8,1,0,0,1,1,46,4,6,1,10,0,3,2,8,0,
1174,12,5,0,1,2,8,15,0,7,1,24,0,2,0,0,0,
1175,6,3,2,0,0,1,34,1,5,2,14,0,2,0,0,0,
1176,12,3,0,1,0,10,45,2,6,2,20,0,3,0,2,0,
1177,19,1,0,0,1,4,55,0,4,3,8,0,0,0,0,0,
1178,14,2,0,0,1,13,28,0,8,4,26,0,3,6,0,0,
1179,12,9,1,0,0,14,23,0,10,6,16,0,3,1,0,0,
1180,27,1,0,0,1,6,61,0,1,5,12,0,2,0,0,2,
1181,12,4,1,0,0,6,29,3,9,3,10,1,1,1,2,0,
1182,24,3,0,0,4,1,49,7,6,3,10,0,1,2,0,0,
1183,18,4,0,0,0,9,56,1,6,12,28,0,0,1,0,0,
1184,22,0,3,0,0,5,44,0,3,5,20,0,0,1,0,0,
1185,16,3,0,0,1,2,44,4,6,7,22,0,0,2,0,0,
1186,26,3,0,1,1,12,20,2,2,15,44,0,2,3,0,0,
1187,15,2,0,0,2,14,22,2,4,5,10,0,1,0,0,0,
1188,9,2,0,1,2,4,26,0,7,1,10,0,0,0,0,0,
1189,22,6,1,0,1,14,25,0,7,4,24,0,0,2,0,0,
1190,12,1,0,1,0,1,35,2,6,1,4,0,2,1,4,0,
1191,19,3,1,0,4,8,33,8,10,6,20,1,3,3,0,0,
1192,29,6,0,0,3,13,48,2,7,7,54,0,2,3,0,2,
1193,30,2,1,0,0,18,58,4,11,5,28,0,5,4,0,0,
1194,33,7,0,0,3,6,36,3,15,5,14,0,1,2,0,0,
1195,25,8,2,0,4,11,19,2,5,5,16,0,1,0,0,0,
1197,14,1,1,0,1,4,13,4,6,1,12,0,1,4,0,0,
1198,19,2,1,0,3,9,33,0,2,4,26,0,0,2,0,0,
1200,6,0,0,0,1,1,12,0,3,3,4,0,1,0,0,0,
1202,10,1,0,0,0,3,13,3,1,1,4,0,0,0,0,0,
1203,7,2,1,1,0,5,20,0,3,0,6,0,0,2,0,0,
1204,14,2,0,0,2,6,32,1,4,2,10,0,0,0,0,0,
1205,27,6,2,0,1,9,38,3,13,13,24,0,2,1,0,0,
1206,7,0,0,0,1,4,9,0,6,2,4,0,2,0,0,0,
1208,6,1,0,0,1,4,26,3,2,2,4,1,1,2,0,0,
1209,11,0,0,0,3,4,36,2,0,2,6,0,0,1,0,0,
1210,16,5,0,1,2,7,45,4,9,5,8,0,1,0,0,0,
1211,11,2,0,0,2,3,7,0,5,1,10,0,2,0,0,0,
1212,25,1,0,0,5,2,80,4,3,3,22,0,1,5,2,0,
1213,6,4,0,0,1,2,36,3,3,3,16,0,1,0,0,0,
1214,16,1,0,0,2,4,34,2,5,1,14,0,1,1,0,0,
1215,17,2,0,0,0,8,21,1,10,6,34,0,2,0,0,0,
1216,14,1,0,0,1,6,21,4,4,3,24,0,0,1,0,0,
1217,13,5,2,0,0,9,43,4,12,9,14,1,3,2,4,0,
1218,5,4,0,0,2,1,34,0,5,3,8,0,3,3,0,0,
1220,15,1,0,0,2,5,41,1,10,5,4,0,1,0,0,0,
1222,23,3,0,0,0,17,31,5,13,7,12,0,5,5,2,0,
1223,17,2,0,0,0,4,48,2,6,8,40,0,3,1,0,0,
1224,16,1,1,0,3,3,19,2,2,3,10,0,1,0,0,0,
1225,6,0,0,0,1,3,24,1,4,1,12,0,0,0,0,0,
1226,15,8,1,1,3,9,26,3,6,3,28,0,1,3,0,0,
1227,13,0,1,0,1,5,63,3,8,1,6,0,1,0,10,0,
1228,7,3,0,1,1,6,45,0,0,2,12,0,4,4,2,0,
1229,15,5,0,0,2,9,28,0,10,6,18,0,1,2,0,0,
1230,31,8,2,0,2,10,43,3,14,4,34,1,4,0,0,2,
1231,20,5,0,1,1,11,41,1,9,12,18,0,2,2,0,2,
1234,17,5,0,0,1,11,37,3,3,2,32,1,0,1,0,0,
1235,14,12,0,0,1,10,50,2,19,8,32,0,7,5,18,0,
1236,22,2,0,0,0,9,17,0,8,3,2,0,2,0,0,0,
1237,9,9,1,0,4,6,23,5,10,5,14,0,0,0,0,0,
1238,16,1,0,0,0,10,32,2,6,3,10,0,2,1,0,0,
1239,24,2,4,2,2,20,54,6,28,8,20,0,1,2,2,4,
1240,18,4,2,0,1,10,51,3,9,3,16,0,3,0,2,0,
1241,24,3,1,0,1,7,26,1,8,10,14,0,2,0,0,0,
1242,11,1,1,0,1,5,23,3,3,3,4,0,1,0,0,0,
1243,17,3,0,0,1,14,37,2,21,2,6,0,4,2,0,0,
1244,4,3,0,0,2,1,8,0,4,1,14,0,1,2,0,0,
1245,33,4,0,0,0,5,38,3,11,6,36,0,1,0,0,0,
1246,5,1,0,0,1,2,36,1,1,0,2,0,0,0,4,0,
1247,54,7,1,0,4,30,70,4,19,5,22,0,5,7,2,0,
1248,32,0,0,0,0,9,41,2,7,5,22,0,3,2,0,0,
1249,6,5,2,0,1,3,4,3,2,3,6,0,1,0,0,0,
1250,4,1,0,0,0,4,19,2,2,3,6,0,0,0,0,0,
1251,17,3,0,0,0,6,36,2,3,4,16,0,2,0,0,0,
1252,21,3,1,0,0,9,44,7,4,4,24,0,2,4,0,0,
1253,23,6,0,0,2,8,16,5,10,8,36,0,1,3,0,0,
1254,24,6,0,0,1,8,38,1,5,5,28,1,1,3,0,0,
1255,38,2,0,1,0,15,30,7,11,6,24,0,4,2,2,0,
1256,11,3,0,0,3,5,11,2,9,7,12,0,0,0,0,0,
1258,19,20,0,0,1,17,54,2,5,7,22,0,3,6,2,0,
1259,16,1,1,0,0,6,14,0,5,6,14,0,1,0,0,0,
1260,12,0,0,0,0,5,33,4,6,4,8,0,1,2,0,0,
1261,25,1,1,0,1,4,27,2,1,1,16,0,2,0,0,0,
1262,14,6,0,1,3,3,49,6,16,5,10,0,2,1,2,0,
1263,20,2,1,0,3,12,36,1,16,8,32,0,2,4,0,0,
1264,16,1,0,0,4,10,24,3,5,2,12,0,1,0,0,0,
1265,16,1,0,0,5,3,22,2,7,1,22,0,0,3,0,0,
1266,18,3,0,0,2,8,10,3,10,4,14,0,0,0,0,4,
1267,19,2,0,0,0,5,21,1,11,4,24,0,5,6,0,0,
1268,19,0,0,0,0,11,22,2,12,4,18,0,0,0,0,0,
1269,11,2,0,0,0,2,32,2,3,1,8,0,0,0,0,0,
1270,44,2,0,0,1,7,42,3,5,7,18,1,0,0,0,0,
1271,13,0,0,0,0,10,22,3,3,5,16,0,0,0,0,0,
1272,15,0,0,0,1,3,21,1,6,2,40,0,2,0,0,0,
1273,18,1,0,0,1,9,35,1,7,6,12,0,0,0,0,2,
1274,7,4,0,0,1,9,26,0,5,4,12,0,2,4,0,0,
1276,15,2,0,0,2,10,19,0,2,2,20,0,1,2,0,0,
1277,10,1,0,0,1,3,23,1,3,3,10,0,3,0,0,0,
1280,22,1,0,0,0,7,62,4,7,4,18,0,2,6,10,0,
1281,16,5,0,0,0,11,48,2,8,4,6,0,2,0,10,0,
1283,44,4,0,0,4,18,85,3,16,13,50,1,6,4,0,0,
1284,14,1,0,0,2,6,24,2,0,1,6,0,1,0,0,0,
1285,10,1,0,0,0,2,23,0,5,1,0,0,2,1,0,0,
1286,14,3,0,0,0,12,13,0,6,2,4,0,2,0,2,0,
1287,10,1,1,0,0,4,26,2,2,1,4,0,0,0,0,0,
1288,13,2,0,0,0,7,37,2,7,3,8,0,3,2,0,0,
1289,37,3,1,0,0,19,31,1,16,3,20,1,3,0,0,0,
1290,8,2,0,0,0,7,19,1,2,6,10,0,1,0,0,0,
1292,10,1,0,0,1,8,12,2,3,5,6,0,0,1,0,0,
1294,15,3,0,1,1,10,12,1,7,5,22,0,2,4,0,2,
1295,10,4,0,0,0,9,18,1,5,5,20,0,3,0,2,0,
1296,10,4,2,0,1,7,28,2,20,3,8,0,5,0,10,0,
1297,16,4,0,0,1,5,33,2,4,3,2,0,2,1,0,0,
1299,15,3,1,0,2,11,34,2,7,7,12,0,5,3,6,0,
1300,17,1,0,1,1,4,37,2,2,4,18,0,0,0,0,0,
1301,9,0,0,0,1,6,16,0,1,5,16,0,1,0,0,0,
1302,11,3,0,2,1,1,35,3,7,0,14,0,0,2,0,0,
1303,24,1,0,0,3,10,50,2,11,0,16,2,1,0,0,0,
1304,24,8,2,0,1,6,36,1,7,6,36,0,1,2,2,0,
1305,18,3,0,0,0,4,42,2,7,0,14,0,0,0,4,0,
1306,33,3,1,0,3,3,44,5,12,8,28,1,1,0,0,1,
1307,43,4,0,0,4,15,32,3,5,16,32,0,0,0,0,0,
1308,9,1,1,0,0,7,43,0,2,1,16,0,1,1,0,0,
1309,24,2,2,0,1,9,49,3,3,2,20,0,1,1,0,0,
1310,70,10,2,1,6,25,83,12,28,11,64,0,2,9,0,0,
1311,21,2,1,0,2,5,32,1,10,10,18,0,1,2,0,2,
1312,21,4,0,0,3,7,40,7,10,3,18,0,3,11,0,0,
1313,6,2,1,0,0,6,55,0,12,2,26,1,3,2,0,0,
1314,12,1,0,0,2,1,32,1,0,2,10,0,0,0,0,0,
1315,6,3,0,0,1,1,30,0,4,1,8,0,0,0,0,0,
1316,1,3,0,0,0,0,24,1,2,2,24,0,0,0,0,0,
1317,27,1,2,0,4,11,23,2,16,11,42,0,3,2,0,0,
1318,8,4,0,3,1,3,57,0,6,1,6,0,8,3,6,0,
1319,21,5,1,0,1,4,28,1,12,10,22,0,2,7,0,0,
1320,24,2,1,0,2,9,31,3,4,4,24,0,0,3,0,2,
1321,5,1,4,0,3,10,19,2,10,2,20,0,0,0,0,0,
1323,6,3,0,0,1,7,41,1,4,2,6,0,1,2,2,0,
1324,7,0,0,1,0,5,25,1,5,5,18,1,1,1,0,0,
1325,36,4,1,0,6,13,43,3,17,7,48,0,5,1,0,0,
1326,11,0,0,1,0,4,20,3,7,10,14,0,0,0,0,0,
1327,10,3,1,0,0,10,29,6,14,2,10,0,3,1,0,0,
1328,21,1,0,0,3,3,36,1,21,3,16,1,1,2,0,4,
1329,62,11,0,22,0,42,183,0,57,11,6,0,41,12,22,0,
1330,34,7,0,0,1,15,62,1,13,9,26,0,2,2,0,0,
1331,24,2,1,0,3,7,51,2,8,1,24,0,3,0,0,0,
1332,15,4,0,0,3,15,32,1,8,6,16,0,1,4,0,0,
1333,9,0,2,0,2,3,53,1,1,3,22,0,2,0,0,0,
1334,7,1,0,0,0,1,26,1,4,6,12,0,1,0,0,0,
1335,3,2,0,30,0,0,26,0,3,0,6,0,0,0,100,0,
1336,16,2,1,0,2,7,23,1,16,2,12,0,0,0,0,0,
1338,30,1,0,0,0,3,87,5,0,0,8,0,1,1,6,0,
1339,6,1,0,1,1,2,33,10,6,3,6,0,2,2,2,0,
1340,11,6,1,0,2,11,21,3,5,5,30,0,0,1,0,0,
1341,16,5,0,0,1,6,36,0,7,3,8,0,3,0,0,0,
1342,6,1,0,0,2,2,10,1,6,0,12,0,0,0,0,0,
1343,29,4,2,0,2,6,35,4,5,0,32,0,1,0,0,0,
1344,8,4,1,0,1,3,23,1,9,3,8,0,1,0,0,2,
1345,11,3,0,0,3,4,46,1,4,1,10,0,3,0,0,0,
1348,4,1,0,0,0,1,13,0,0,0,2,0,0,0,0,0,
1349,13,1,1,0,2,1,39,0,1,6,14,0,2,4,0,0,
1351,12,2,0,0,1,10,15,3,10,7,20,0,1,5,0,0,
1352,18,10,1,0,4,9,39,3,11,12,30,0,0,4,0,0,
1353,68,16,1,3,1,22,96,10,22,10,42,0,10,8,2,0,
1354,11,0,0,0,1,6,37,6,3,2,14,1,0,0,0,0,
1355,44,9,2,0,1,12,141,6,31,5,26,0,9,4,22,0,
1356,20,0,2,0,1,4,49,1,3,3,10,0,1,0,0,0,
1357,15,2,0,0,1,7,44,3,8,0,28,0,4,4,0,0,
1358,13,8,0,1,2,3,29,2,6,7,34,0,0,0,0,0,
1359,55,7,2,0,2,20,39,4,15,3,52,0,4,1,0,0,
1360,15,3,0,0,0,2,61,0,1,2,16,0,2,0,6,2,
1361,11,1,0,1,1,6,17,0,7,6,12,0,3,0,0,0,
1363,16,1,1,1,3,2,27,2,4,7,14,0,1,2,0,0,
1364,12,6,0,1,0,12,43,1,7,1,24,0,2,2,0,0,
1365,11,2,2,0,0,4,48,0,8,4,12,0,0,0,0,0,
1366,31,7,1,0,2,13,90,1,9,7,38,0,0,1,0,0,
1367,9,2,0,0,0,12,23,2,5,6,4,0,1,0,0,0,
1368,25,3,1,1,0,13,18,4,4,10,28,0,0,2,0,0,
1369,15,1,0,0,1,7,36,3,7,2,14,0,1,0,0,0,
1371,19,4,1,1,5,10,50,3,11,5,22,1,4,9,0,2,
1372,23,1,1,0,1,11,29,1,14,3,14,0,6,0,0,0,
1373,11,3,0,0,2,8,24,0,17,1,6,0,2,0,0,2,
1374,10,3,0,0,1,4,40,0,1,3,24,0,1,2,0,0,
1376,30,5,0,0,4,19,27,1,12,12,20,1,1,2,0,0,
1378,22,10,0,0,2,7,33,2,7,4,12,0,4,2,0,0,
1379,22,3,1,0,0,10,35,3,13,9,12,0,8,6,8,0,
1380,19,3,1,0,1,11,42,4,9,2,18,0,3,1,0,2,
1381,9,1,0,0,0,6,30,0,6,1,8,0,3,0,0,0,
1383,19,4,2,0,1,2,51,1,11,2,14,0,2,4,0,0,
1386,9,2,0,0,2,1,30,5,7,1,6,0,1,2,0,0,
1387,16,6,0,0,3,14,28,4,5,3,16,0,2,1,0,0,
1388,15,0,0,0,0,2,39,2,0,1,14,0,2,0,0,0,
1389,11,0,0,0,1,3,27,2,3,2,2,0,0,3,0,0,
1390,5,3,0,0,1,3,8,2,3,2,6,0,0,1,0,0,
1392,23,4,1,0,4,13,30,4,11,9,44,0,1,2,0,0,
1393,8,0,0,0,0,3,19,0,0,1,0,0,0,0,0,0,
1394,35,5,0,0,5,10,38,1,10,7,32,0,1,2,0,0,
1395,6,1,1,0,3,2,21,4,3,2,16,0,0,2,0,0,
1397,16,8,0,0,2,9,47,1,3,4,24,0,0,0,0,0,
1398,7,4,0,0,4,3,8,2,6,3,6,0,0,0,0,2,
1399,3,1,0,0,2,2,22,3,4,2,16,0,0,1,0,0,
1400,22,1,1,0,0,12,48,5,3,1,26,0,2,0,0,0,
1401,14,3,0,0,0,3,35,0,14,2,12,0,2,1,0,0,
1402,29,1,0,1,1,10,70,2,6,4,26,0,2,3,0,0,
1403,8,2,1,0,0,5,7,2,5,2,8,0,0,1,0,0,
1404,11,4,0,0,1,7,47,2,6,0,10,0,3,0,0,0,
1405,16,2,1,0,2,5,18,3,5,2,4,0,0,2,0,0,
1406,18,1,0,0,0,5,15,1,11,1,10,0,1,1,0,0,
1407,20,2,1,0,0,13,29,1,11,7,34,0,1,1,0,0,
1408,42,3,1,0,6,16,45,2,28,8,22,0,3,2,0,0,
1409,13,0,0,0,1,7,19,3,7,3,26,0,0,0,0,0,
1411,8,1,0,0,0,3,17,2,5,7,18,0,0,0,0,0,
1412,26,3,2,0,2,8,59,2,7,4,26,0,0,3,0,0,
1413,10,0,0,0,3,2,18,1,2,0,6,0,0,2,0,0,
1414,7,1,0,0,1,6,15,2,3,2,18,0,1,2,0,0,
1415,7,2,2,0,1,0,28,3,0,1,8,1,0,0,0,0,
1416,8,3,0,0,1,7,16,1,5,1,6,0,2,0,0,0,
1417,4,0,0,0,0,0,39,0,1,1,0,0,0,0,0,0,
1418,10,2,0,0,2,4,23,1,1,5,8,0,0,0,0,0,
1419,13,1,0,0,0,3,8,3,2,2,10,0,0,1,0,0,
1420,8,5,0,0,0,6,19,1,6,5,38,0,1,0,0,0,
1421,9,2,0,0,0,3,18,0,3,2,14,0,1,3,0,0,
1422,8,1,0,1,0,5,9,0,8,4,4,0,3,0,0,0,
1423,10,3,0,0,2,9,15,3,8,3,14,1,1,0,0,0,
1424,8,0,1,0,1,11,27,2,7,4,8,0,2,2,0,0,
1425,22,5,2,0,2,14,49,1,14,11,50,0,3,8,0,0,
1426,9,1,1,0,1,11,11,2,2,3,16,0,0,2,0,0,
1427,4,1,0,0,0,3,30,4,1,0,2,0,1,3,2,0,
1429,23,1,0,0,1,6,58,4,1,3,18,0,2,0,0,2,
1430,13,3,0,0,1,5,10,0,5,4,20,0,0,0,0,2,
1431,22,6,0,1,2,15,26,2,14,7,42,0,4,2,0,0,
1433,9,1,0,0,0,6,6,0,4,3,4,0,0,1,0,0,
1434,13,1,2,0,0,5,23,0,0,1,8,0,1,0,0,0,
1436,17,5,0,0,4,5,19,3,5,5,10,0,1,2,0,0,
1437,22,5,0,2,2,4,80,3,17,4,20,0,9,2,16,0,
1438,16,4,0,0,2,6,18,2,3,2,8,0,1,2,0,0,
1439,16,3,0,0,3,5,64,2,0,6,30,0,2,4,0,0,
1440,30,7,0,0,5,6,46,1,11,7,34,1,3,0,0,0,
1442,9,0,0,0,0,0,18,1,0,3,12,0,1,0,0,0,
1443,22,0,2,0,1,9,30,4,10,1,26,0,0,0,0,0,
1444,13,3,1,0,0,13,34,5,20,1,12,0,3,1,2,0,
1445,39,1,0,0,1,5,30,4,9,2,18,0,0,5,0,2,
1446,19,3,1,0,2,7,38,0,6,1,12,0,0,3,0,0,
1448,22,7,0,0,2,4,61,3,11,2,20,0,2,4,0,0,
1449,11,5,0,0,0,5,27,1,4,2,22,0,0,0,0,0,
1450,29,3,0,2,1,13,50,1,12,4,32,0,2,2,0,1,
1451,37,1,2,0,3,7,19,9,5,3,18,0,0,2,0,0,
1452,18,5,1,2,2,12,28,1,9,3,12,0,1,2,0,0,
1453,5,2,0,0,5,8,11,3,5,3,4,0,1,0,0,0,
1454,10,1,0,0,0,5,14,1,6,4,28,0,3,0,0,0,
1456,6,0,0,0,1,4,20,0,7,2,16,0,0,0,0,0,
1457,13,4,1,0,1,6,15,3,5,3,20,1,1,4,0,1,
1459,4,0,0,0,0,1,19,1,1,1,4,0,0,0,0,0,
1460,5,4,0,0,0,1,30,2,2,1,18,0,2,4,0,2,
1461,10,3,0,0,0,8,36,3,1,5,6,1,1,0,0,0,
1462,24,4,1,0,3,6,32,2,9,1,8,0,4,3,0,0,
1463,15,2,4,0,1,7,42,0,0,0,6,1,0,3,0,0,
1464,4,1,0,1,0,5,20,1,9,9,4,0,3,0,0,0,
1465,22,2,0,0,2,7,46,1,4,5,26,0,2,2,0,0,
1466,27,5,0,0,1,10,25,2,7,6,20,0,1,0,0,0,
1467,34,7,0,1,2,5,45,4,3,7,18,0,3,4,0,0,
1468,8,4,0,0,0,3,24,1,1,0,6,0,0,1,0,0,
1469,25,1,0,0,0,4,73,5,1,3,2,0,1,2,0,0,
1470,10,3,0,0,0,9,39,3,5,4,4,0,1,9,0,0,
1471,21,1,0,0,1,8,40,1,13,7,34,0,0,0,0,0,
1472,7,1,0,0,1,0,19,3,3,1,14,0,1,2,0,0,
1473,7,2,0,0,1,4,12,3,14,1,14,0,1,0,0,0,
1474,5,0,0,0,0,4,16,1,2,1,4,0,0,0,0,0,
1475,41,4,0,0,1,15,49,2,8,2,18,2,1,0,2,0,
1477,18,6,0,1,0,9,27,1,4,4,16,0,1,0,0,0,
1478,6,3,0,0,0,3,9,0,2,1,4,0,2,0,0,0,
1479,15,3,0,0,2,7,22,3,11,3,20,0,2,2,0,0,
1481,11,4,0,2,0,0,18,5,7,2,10,0,1,0,0,0,
1482,18,2,0,0,2,9,28,1,3,5,12,0,1,1,0,0,
1483,12,3,1,0,0,2,20,1,1,1,2,0,2,1,0,0,
1484,34,6,0,0,2,17,57,2,13,8,20,0,3,1,0,0,
1485,28,4,0,0,3,7,42,2,9,12,40,0,1,1,2,0,
1486,21,3,0,0,1,6,26,0,7,7,26,0,3,3,0,0,
1487,7,2,0,0,2,4,19,1,4,3,4,1,0,0,0,0,
1488,31,6,0,0,3,16,62,2,13,6,34,0,0,2,0,0,
1489,22,2,0,1,5,4,43,7,7,5,24,1,2,2,0,0,
1490,15,1,0,0,4,16,35,1,9,3,26,0,3,1,2,0,
1491,21,4,0,0,2,8,16,0,6,6,8,0,0,0,0,0,
1492,9,3,0,0,1,6,22,0,8,0,14,0,1,0,0,0,
1493,14,4,0,0,0,4,38,0,11,4,24,1,1,0,0,0,
1494,25,2,1,1,1,15,46,5,12,10,18,1,3,3,0,2,
1496,12,7,0,0,0,11,18,1,16,5,38,0,2,0,0,4,
1497,7,4,0,0,1,9,8,1,12,1,16,0,1,1,0,0,
1498,14,0,1,0,1,3,41,1,1,1,18,0,0,0,0,0,
1499,7,5,1,0,0,6,22,1,14,4,18,0,0,3,0,0,
1500,13,3,0,0,2,3,22,1,8,2,16,0,0,0,0,0,
1501,15,5,1,0,2,5,30,7,6,5,22,0,0,2,0,0,
1502,13,2,2,0,1,2,13,1,10,5,4,0,1,0,0,0,
1503,16,6,0,1,2,4,29,2,6,5,12,0,2,0,0,0,
1504,0,1,0,0,1,3,21,1,1,5,14,0,1,0,0,0,
1505,9,7,0,0,3,12,37,2,11,0,14,0,4,2,2,0,
1506,35,9,1,1,3,13,126,2,14,4,30,2,7,14,8,0,
1507,25,4,0,0,0,11,52,1,4,4,20,0,2,2,0,0,
1511,14,3,1,1,3,11,46,2,6,3,18,0,2,2,0,0,
1512,12,0,1,0,0,7,19,1,0,5,14,0,1,0,0,0,
1515,30,6,0,1,2,21,39,2,25,6,36,0,5,6,0,0,
1516,22,2,0,1,0,5,39,1,0,4,22,1,3,1,0,0,
1517,13,8,0,0,1,1,53,0,3,0,6,0,1,0,2,0,
1518,12,2,0,0,1,12,11,0,15,4,22,0,2,0,0,2,
1519,8,4,0,0,0,4,10,1,4,6,12,0,2,0,0,0,
1522,10,2,1,1,0,5,51,1,4,5,20,0,0,2,0,0,
1523,11,5,0,0,2,2,31,3,3,9,14,0,0,2,0,0,
1524,7,6,0,0,1,4,18,2,2,5,16,0,2,1,0,0,
1525,21,0,0,0,1,4,47,4,15,3,28,0,2,4,0,0,
1526,17,2,0,0,2,5,30,0,10,8,26,0,2,0,0,2,
1527,10,0,1,0,0,3,34,2,4,5,0,0,0,0,0,0,
1528,28,8,0,0,1,9,21,3,13,6,16,0,2,0,0,0,
1529,16,6,1,0,3,5,32,1,13,1,6,1,4,1,0,0,
1530,4,2,0,0,0,9,21,0,4,2,6,0,1,0,0,0,
1533,30,4,0,0,5,7,23,3,16,7,38,0,2,6,0,0,
1534,21,5,1,0,1,14,21,1,5,6,24,0,4,2,0,0,
1535,24,2,0,0,1,5,32,1,9,6,28,0,1,2,0,0,
1537,17,6,0,0,1,3,36,4,3,7,20,0,0,0,0,0,
1538,25,7,0,0,1,15,29,2,18,7,28,0,1,0,0,0,
1539,21,4,3,0,0,12,32,1,8,7,12,0,2,3,0,0,
1540,20,4,2,0,0,4,52,4,9,2,24,0,5,0,0,0,
1541,24,5,2,0,2,9,74,7,14,8,44,0,0,4,0,0,
1542,32,7,0,0,3,7,53,4,9,4,22,0,3,0,6,2,
1543,12,3,1,0,1,11,17,2,7,3,6,0,3,0,0,0,
1544,18,10,1,0,0,21,24,1,11,9,54,0,2,0,0,0,
1545,22,5,1,1,0,16,53,1,7,11,52,0,2,4,0,0,
1548,21,10,1,0,3,16,31,3,12,10,22,0,3,4,0,0,
1549,17,7,2,0,0,6,40,3,2,3,26,0,2,1,0,2,
1551,20,2,0,1,1,4,78,1,4,5,22,0,3,0,0,0,
1556,23,6,0,0,2,13,30,2,15,8,32,0,4,0,0,0,
1557,32,3,0,1,1,6,63,3,13,6,46,1,2,0,0,0,
1558,6,4,1,0,1,5,21,3,1,2,8,0,0,5,0,0,
1559,3,0,0,0,0,1,12,0,1,1,12,0,2,0,0,0,
1561,13,5,1,0,1,5,35,5,13,0,22,0,3,0,0,0,
1562,13,5,2,0,4,6,19,1,5,3,10,0,1,1,0,0,
1563,17,8,0,0,4,8,34,4,12,3,38,1,1,4,0,0,
1564,16,4,1,0,1,6,12,0,13,7,8,0,2,4,0,0,
1566,13,5,0,0,1,10,8,2,12,3,16,1,2,0,0,0,
1569,21,2,1,0,1,5,31,0,11,5,16,0,2,6,0,0,
1571,18,1,0,0,2,8,73,0,6,0,8,0,9,6,18,0,
1573,11,1,0,0,1,6,24,1,6,0,8,0,0,0,0,0,
1578,17,7,1,1,2,11,43,5,16,11,22,0,2,6,0,0,
1580,10,1,0,0,0,3,32,1,8,6,2,0,1,1,2,0,
1583,39,7,0,0,3,15,24,1,8,6,28,0,1,1,0,0,
1585,12,8,0,0,2,4,28,3,6,8,20,0,1,3,0,0,
1586,18,4,0,0,0,6,47,0,7,9,22,0,0,2,0,0,
1587,18,1,0,0,1,6,43,3,0,1,14,0,0,2,0,0,
1588,13,1,0,0,1,12,30,3,30,13,14,1,7,0,6,0,
1589,34,3,1,0,1,14,22,1,13,9,22,0,0,2,0,0,
1592,11,7,1,0,0,8,35,2,12,2,6,0,1,3,0,0,
1594,12,4,0,0,3,4,19,1,2,6,18,0,2,1,0,0,
1595,16,3,0,0,2,7,55,2,7,3,10,0,5,3,4,0,
1596,16,6,1,1,2,11,22,1,11,4,26,0,3,1,0,0,
1599,36,9,0,1,0,16,36,3,21,14,34,1,1,1,0,4,
1600,18,1,0,0,2,2,31,3,2,6,6,0,0,0,0,0,
1602,13,7,1,0,1,10,34,2,9,5,24,0,0,4,0,0,
1605,8,0,0,0,1,1,19,2,4,3,2,0,2,0,0,2,
1606,13,0,0,0,3,8,44,0,9,7,26,0,2,1,0,2,
1608,16,1,0,0,4,11,24,1,3,4,6,0,1,0,0,0,
1609,26,8,0,0,2,13,31,3,6,2,12,0,4,2,0,0,
1610,5,1,0,0,1,7,22,0,1,1,2,0,1,0,0,0,
1611,15,1,0,0,1,7,50,4,5,4,10,0,1,0,0,0,
1612,27,6,1,0,5,14,46,0,13,13,40,0,2,0,0,0,
1614,18,6,0,0,3,2,65,1,7,3,14,0,3,0,0,0,
1615,27,2,0,1,2,9,63,3,7,6,34,0,3,2,0,0,
1618,21,5,2,0,0,21,48,6,17,9,38,0,2,6,0,0,
1620,18,6,1,2,1,17,45,1,13,2,30,0,6,4,6,0,
1622,7,6,1,0,2,1,28,2,10,2,2,0,2,0,0,0,
1624,20,5,1,0,2,12,55,1,7,5,10,0,2,0,0,0,
1628,14,6,0,0,0,8,30,0,6,3,46,1,0,0,0,0,
1629,10,1,0,0,0,8,28,1,3,2,12,0,0,3,0,0,
1630,25,2,1,1,1,8,23,2,9,6,28,0,0,3,0,2,
1631,22,3,1,0,0,10,69,3,3,4,16,0,0,0,0,0,
1633,25,7,0,0,2,12,17,1,23,12,30,0,0,0,0,2,
1634,26,1,1,0,1,6,44,0,12,4,2,0,8,2,4,0,
1635,23,14,4,0,4,18,45,2,45,6,20,0,4,7,2,2,
1636,69,14,1,0,1,22,119,5,23,27,54,0,9,2,0,2,
1638,40,3,0,0,3,16,86,2,23,1,22,0,7,3,8,1,
1641,15,4,0,0,0,8,51,1,5,1,4,0,1,0,4,0,
1642,13,1,0,0,0,10,24,0,4,8,20,1,1,1,0,0,
1647,4,4,3,0,2,4,22,3,8,2,20,0,2,1,0,0,
1648,16,3,0,0,0,5,29,1,14,5,12,0,2,3,2,0,
1650,17,10,0,1,4,13,51,2,14,9,18,0,4,1,2,2,
1651,5,1,0,0,6,7,21,1,4,1,10,0,1,1,0,0,
1652,19,4,1,0,4,6,17,2,9,6,24,0,0,1,0,0,
1653,15,4,0,0,1,6,26,0,4,6,24,0,0,0,0,0,
1655,24,6,1,0,2,15,36,5,14,7,20,0,1,0,0,0,
1656,42,6,1,1,7,25,31,2,18,4,46,0,2,2,0,0,
1658,7,3,1,0,2,2,34,1,21,2,10,0,3,0,2,2,
1660,31,2,2,1,1,6,21,3,3,13,28,0,1,2,0,0,
1661,8,4,0,1,0,8,16,2,6,4,14,0,2,0,0,0,
1663,18,6,1,0,0,23,57,5,14,11,66,0,2,2,0,0,
1664,20,6,1,0,2,11,55,2,16,4,14,0,1,2,0,0,
1665,26,3,1,0,1,17,41,4,12,16,24,1,1,3,0,2,
1667,16,7,0,0,1,11,26,3,14,3,18,0,3,3,0,0,
1669,20,3,1,1,1,5,25,1,4,5,18,0,1,0,0,0,
1670,24,5,0,0,2,11,54,6,26,2,26,1,2,2,0,0,
1671,37,1,1,0,1,10,51,6,18,0,14,0,1,3,0,0,
1673,32,4,0,2,0,9,55,2,6,5,16,0,1,0,0,0,
1677,18,3,2,0,0,8,32,2,7,6,20,0,1,1,0,2,
1678,15,3,0,0,3,12,15,3,24,2,22,0,3,0,0,2,
1680,23,4,4,0,4,7,37,0,7,7,20,0,1,0,0,0,
1683,21,3,1,0,1,15,31,4,11,13,34,0,1,6,0,0,
1684,26,2,0,0,3,14,24,2,12,6,38,0,4,2,0,0,
1688,14,4,0,0,0,2,33,5,2,3,18,0,1,1,0,0,
1689,8,6,0,1,1,5,27,2,7,2,18,0,0,7,0,0,
1690,12,4,0,1,3,7,50,2,3,10,38,0,0,1,0,0,
1692,17,5,2,0,0,13,63,2,7,3,12,0,1,1,0,0,
1694,14,2,0,0,0,1,45,3,1,1,4,0,1,0,0,0,
1695,15,5,0,0,5,17,38,5,11,3,34,1,3,2,0,0,
1696,9,5,1,0,1,3,30,3,7,2,8,0,3,0,0,0,
1697,20,1,0,0,0,2,52,0,2,2,14,0,0,0,0,0,
1698,16,9,0,1,2,3,20,0,2,3,12,0,0,1,0,0,
1699,16,7,1,2,0,6,43,1,7,6,22,0,2,0,0,0,
1700,9,2,0,0,2,5,11,1,6,2,6,0,0,0,0,0,
1701,20,5,1,0,1,14,72,2,18,3,18,0,6,4,10,0,
1702,12,3,0,0,0,6,49,2,1,4,16,0,1,1,0,0,
1703,22,2,0,0,1,7,52,1,19,4,12,0,1,0,4,0,
1704,23,12,0,0,3,8,50,4,12,2,24,0,5,4,2,4,
1705,16,2,0,0,0,5,29,0,8,5,18,0,2,0,0,0,
1706,29,3,0,0,1,9,34,2,8,3,18,0,2,0,0,0,
1707,40,0,0,0,1,8,33,1,7,6,36,1,1,0,0,0,
1710,27,1,2,0,1,4,27,6,3,4,4,0,0,1,0,0,
1711,17,1,1,0,0,3,47,5,1,0,22,0,0,1,0,0,
1713,19,7,1,0,0,9,44,4,13,11,26,0,4,2,0,0,
1715,13,4,1,0,0,2,30,0,14,2,4,0,2,0,0,0,
1716,23,2,0,0,0,9,35,2,7,4,22,0,3,4,0,0,
1719,15,5,0,2,3,2,30,2,3,4,6,0,3,1,0,0,
1721,25,3,2,0,1,14,49,1,11,4,30,0,3,2,2,0,
1722,3,0,0,0,0,2,15,1,1,1,6,0,0,1,0,0,
1723,12,0,0,0,0,5,44,1,2,2,8,0,2,4,0,0,
1724,18,4,0,0,0,19,55,2,14,3,24,0,4,3,6,0,
1725,10,1,0,0,0,3,36,1,1,2,8,0,1,0,0,0,
1726,26,3,0,0,3,4,45,2,8,6,28,0,2,3,0,0,
1727,23,5,1,0,3,9,24,2,9,19,32,0,3,1,0,0,
1729,3,1,0,0,1,8,17,1,1,3,12,0,0,1,0,0,
1732,10,3,0,0,0,13,34,2,7,4,6,0,0,0,0,4,
1733,11,0,1,0,0,5,65,1,5,5,10,0,3,1,0,0,
1734,17,6,0,0,4,14,21,3,8,1,16,0,1,3,0,0,
1735,10,1,0,0,1,3,21,0,9,4,18,0,1,2,0,0,
1736,28,5,0,0,2,10,41,0,8,8,32,2,2,1,0,0,
1737,14,8,3,0,1,11,46,3,41,17,50,0,6,14,4,0,
1739,2,3,1,1,0,1,16,3,3,1,4,0,0,1,0,0,
1740,15,4,0,0,0,8,41,1,6,2,12,0,1,1,0,0,
1741,20,5,0,3,1,8,61,1,9,4,14,0,2,1,0,0,
1742,10,3,1,0,1,4,29,1,1,2,12,1,0,0,0,0,
1744,15,4,2,0,3,9,55,6,13,3,12,2,1,0,0,0,
1745,4,4,3,0,3,3,17,7,8,3,6,0,0,2,0,0,
1747,2,4,1,0,1,4,22,6,7,5,12,0,0,1,0,0,
1748,48,5,0,0,4,13,72,2,22,5,20,0,3,0,0,0,
1749,42,5,0,0,2,30,50,2,19,20,40,0,3,3,0,0,
1750,14,3,0,0,1,2,41,3,4,9,14,0,2,0,0,0,
1752,19,1,1,0,0,0,57,6,1,0,2,0,0,0,4,0,
1754,23,2,0,0,3,6,38,1,8,2,26,0,1,0,0,0,
1755,33,11,0,0,5,16,39,1,13,9,32,0,1,1,0,0,
1759,11,3,0,0,0,9,24,0,5,6,18,0,3,0,0,0,
1760,21,4,0,0,1,9,48,2,6,2,22,0,2,0,0,0,
1761,14,4,1,0,2,7,25,2,2,3,18,0,3,3,0,0,
1762,19,8,0,0,2,17,61,2,13,2,42,0,7,5,0,0,
1763,24,1,1,0,0,9,52,7,8,3,10,0,2,2,4,0,
1764,8,3,3,0,0,5,32,5,13,4,8,0,0,1,0,0,
1765,14,4,0,0,2,6,33,2,14,5,18,0,0,0,0,0,
1766,8,2,0,1,2,6,6,0,6,2,26,0,1,1,0,0,
1767,6,1,0,0,3,4,23,2,3,2,2,1,0,0,0,0,
1768,15,7,0,0,0,7,37,1,6,4,32,0,1,2,0,0,
1771,21,2,0,0,1,5,40,2,3,9,18,0,1,1,0,0,
1772,22,4,1,0,1,7,47,6,7,6,4,0,1,3,0,0,
1774,11,0,0,0,2,5,53,0,3,5,28,0,1,0,0,0,
1775,22,4,0,0,3,8,52,3,19,5,20,0,6,2,0,0,
1776,31,3,0,1,1,5,25,2,8,4,20,0,0,1,0,0,
1777,16,4,2,0,0,9,58,2,6,2,20,0,3,2,2,6,
1779,21,2,0,0,5,10,31,2,16,12,20,0,3,2,0,0,
1780,38,2,0,0,0,6,67,1,11,2,16,0,1,1,0,0,
1781,8,4,0,0,1,6,41,3,16,5,10,0,5,9,8,0,
1782,11,5,0,0,0,0,51,1,26,1,4,0,4,4,8,0,
1783,18,8,2,0,0,12,43,1,20,10,22,0,4,3,4,0,
1784,11,0,0,0,1,8,30,1,8,3,20,0,1,0,0,0,
1785,24,3,1,0,3,7,44,2,9,6,26,0,4,0,0,4,
1786,41,6,0,0,2,17,59,3,14,4,22,0,3,6,0,0,
1787,6,3,0,0,0,2,20,1,6,2,12,0,0,0,0,0,
1788,20,3,0,0,1,12,39,0,5,3,10,0,1,2,0,0,
1789,14,3,1,0,0,6,29,5,8,3,8,0,0,3,0,0,
1790,17,1,0,0,1,4,52,3,2,3,18,0,0,0,0,0,
1791,34,2,0,0,4,6,60,2,10,6,32,0,2,3,0,0,
1793,11,1,0,0,0,3,34,2,7,4,12,0,0,2,0,0,
1794,15,3,0,0,3,20,40,1,7,8,8,0,5,0,2,2,
1796,25,2,0,1,6,7,56,1,9,2,24,0,0,3,0,0,
1797,12,1,1,0,2,6,6,1,4,4,12,0,3,5,0,0,
1798,2,0,0,0,0,1,4,0,0,1,0,0,0,0,0,0,
1799,25,5,0,0,0,3,24,2,6,9,50,0,1,1,0,2,
1800,17,4,0,0,0,10,37,0,10,5,20,0,0,2,0,0,
1802,10,6,0,0,0,7,23,1,5,5,22,0,3,4,0,2,
1803,12,1,0,0,2,0,41,1,0,0,0,0,0,0,2,0,
1805,18,5,0,0,1,11,17,1,11,7,14,0,1,0,0,2,
1806,26,5,1,0,2,2,33,4,13,9,34,0,1,0,0,0,
1807,23,3,0,0,0,8,32,3,6,4,28,0,1,0,2,0,
1808,7,3,0,0,2,7,36,2,9,1,12,0,2,1,0,0,
1809,25,6,0,1,0,7,38,4,9,17,32,0,2,3,0,3,
1811,10,0,0,0,1,4,26,1,6,1,24,0,1,2,0,0,
1813,18,1,0,0,6,8,20,2,5,8,24,0,1,0,0,0,
1815,17,9,1,0,1,14,45,1,8,2,40,0,1,0,2,0,
1817,20,6,1,1,1,12,44,2,3,4,14,0,0,4,0,0,
1818,16,5,2,0,0,19,43,0,19,7,18,1,2,3,0,2,
1819,19,5,1,0,2,18,62,3,16,6,16,0,2,2,6,0,
1820,14,2,1,0,1,6,20,1,6,5,10,0,2,0,2,0,
1821,20,7,0,0,2,8,21,1,24,8,10,0,4,4,2,0,
1823,4,2,1,0,0,4,35,2,1,1,18,0,0,0,0,0,
1824,16,2,0,0,1,14,29,2,19,17,34,0,6,1,0,0,
1825,12,3,0,0,1,14,71,1,7,2,22,0,2,6,2,2,
1826,32,3,1,0,2,9,88,5,10,5,42,0,3,6,0,0,
1827,37,7,3,1,2,9,26,1,10,9,24,0,4,1,0,0,
1828,11,8,0,1,4,9,26,1,14,1,26,0,2,0,0,4,
1830,13,4,1,0,0,3,54,3,8,9,26,0,0,5,0,0,
1831,6,0,0,0,0,4,11,0,1,1,6,0,0,1,0,0,
1832,16,5,0,0,5,7,29,1,6,4,14,0,0,0,0,0,
1833,17,3,0,0,2,9,49,0,5,8,18,0,2,0,0,0,
1834,17,1,2,0,0,5,50,7,2,7,38,0,1,0,0,0,
1835,12,1,0,0,1,3,32,1,6,2,8,0,0,0,0,0,
1838,4,3,1,1,2,4,18,0,8,2,12,0,0,0,0,0,
1841,12,1,2,0,3,2,29,3,12,5,20,0,2,1,0,0,
1842,19,2,0,0,0,5,14,2,11,7,16,0,0,1,0,0,
1843,11,2,0,0,0,1,36,5,3,1,18,0,0,1,0,0,
1847,16,3,0,1,0,10,46,1,4,0,14,0,0,0,0,0,
1849,7,1,0,2,0,8,16,4,8,7,20,0,0,0,0,0,
1851,11,4,0,0,0,2,27,1,4,4,6,0,1,2,0,0,
1852,30,7,4,0,2,13,22,3,6,5,40,0,3,0,0,0,
1853,17,5,1,0,0,2,87,6,8,0,4,0,4,0,10,0,
1854,16,4,1,0,6,3,26,2,4,3,8,0,0,2,0,0,
1856,18,8,1,1,5,6,47,2,17,2,18,1,2,0,0,0,
1857,12,1,0,0,2,4,33,0,5,5,24,0,0,0,0,0,
1859,40,6,0,1,2,21,36,3,18,11,34,0,2,3,0,0,
1861,0,21,0,0,0,1,10,53,2,0,8,0,0,3,0,2,0
1865,24,3,0,1,4,12,24,4,21,3,16,1,3,0,0,0,
1867,19,3,0,0,3,5,39,4,2,2,22,0,1,1,2,0,
1868,10,3,2,0,1,5,32,1,2,3,16,0,1,2,0,0,
1869,16,1,0,0,0,5,59,8,2,5,16,0,1,0,0,0,
1870,15,3,0,0,0,0,38,3,0,0,4,1,1,1,2,0,
1871,20,5,2,0,1,6,42,1,2,6,6,0,2,2,0,0,
1872,13,3,1,0,2,5,32,3,12,7,8,0,0,3,0,2,
1873,9,4,0,0,1,1,16,1,5,2,12,0,0,0,0,0,
1875,6,3,0,0,1,2,10,0,8,2,6,0,0,0,0,0,
1876,6,1,0,0,3,1,45,0,1,0,10,0,1,0,0,0,
1878,16,7,0,1,1,7,34,1,11,6,16,0,0,0,0,0,
1881,10,3,0,0,0,14,31,4,16,1,16,0,2,0,0,0,
1883,15,5,0,0,1,8,20,0,1,5,18,0,1,0,0,0,
1884,26,3,1,1,1,6,19,3,8,11,30,0,1,4,0,0,
1885,11,4,0,0,2,4,38,4,8,3,16,0,0,2,0,0,
1886,11,3,1,0,1,6,40,3,3,3,20,0,1,0,0,0,
1887,8,1,2,0,1,3,49,1,6,0,8,0,1,0,0,0,
1888,29,3,1,1,1,9,66,4,6,13,34,0,4,0,0,0,
1890,18,2,1,0,2,2,14,0,6,6,6,0,1,0,0,0,
1891,11,8,0,0,1,3,35,2,5,1,22,0,1,0,0,0,
1893,24,3,1,0,3,16,51,7,14,3,28,1,1,0,0,0,
1896,20,3,1,0,1,4,25,2,8,2,8,0,3,0,0,0,
1897,12,3,0,0,4,5,50,2,8,2,16,0,0,1,2,0,
1898,38,5,0,0,5,10,21,5,2,5,24,0,1,1,0,0,
1899,30,3,0,0,3,11,39,0,10,11,44,0,1,1,0,2,
1900,31,8,1,0,2,9,51,1,18,5,36,0,2,1,2,0,
1901,0,9,0,0,0,1,2,25,2,0,2,0,0,0,2,2,2
1903,38,8,2,0,1,16,31,4,10,8,50,0,4,3,0,0,
1905,24,3,0,1,4,13,31,1,5,5,36,0,0,0,0,0,
1907,22,5,1,0,0,15,55,3,15,4,30,0,3,8,6,0,
1908,27,5,0,0,0,9,75,5,10,2,28,0,5,5,6,0,
1909,19,3,0,1,2,2,19,1,10,8,20,0,2,5,0,0,
1910,35,4,1,2,2,20,32,3,18,11,8,0,3,9,2,2,
1911,17,5,0,1,1,5,18,2,10,2,18,0,4,0,0,0,
1912,18,3,0,0,7,9,47,2,9,0,12,0,1,2,0,0,
1913,28,7,2,0,3,12,70,2,21,7,22,0,2,3,4,0,
1914,7,3,0,0,1,9,36,3,12,5,4,0,1,2,8,0,
1915,26,15,2,1,2,4,27,7,14,4,18,1,1,9,0,0,
1916,32,11,2,0,7,16,25,2,16,12,42,1,2,1,0,0,
1917,5,4,0,0,2,6,39,0,6,2,12,0,0,0,0,0,
1918,29,5,0,0,2,14,26,2,10,8,30,0,0,3,0,0,
1919,16,4,0,0,2,13,71,6,12,6,50,0,5,3,2,0,
1920,10,4,1,0,2,8,24,2,8,3,18,0,0,2,0,0,
1921,28,7,1,0,3,6,36,2,19,9,20,0,2,2,0,0,
1922,21,5,0,0,0,6,44,1,8,3,22,0,1,2,0,2,
1923,16,6,1,0,0,1,55,3,8,7,10,0,2,3,4,2,
1924,11,2,2,0,0,6,55,2,8,6,12,0,3,5,4,0,
1925,17,5,0,0,1,23,26,3,9,9,14,0,1,2,2,0,
1926,46,8,3,1,8,16,65,3,9,2,46,0,4,3,0,0,
1928,11,3,1,0,1,8,22,4,13,4,16,0,5,0,0,0,
1929,16,5,1,1,2,6,66,0,8,6,18,0,1,4,2,2,
1930,26,2,0,1,3,9,45,6,13,9,16,0,3,0,0,0,
1931,28,4,0,0,1,9,65,2,7,3,16,0,1,2,2,0,
1932,32,4,1,2,0,12,52,0,13,6,30,1,2,6,2,2,
1934,24,1,1,0,3,9,21,2,10,5,10,0,2,6,0,0,
1935,12,0,0,0,1,7,25,0,3,0,4,0,0,0,0,0,
1936,26,5,0,1,0,7,73,1,13,4,12,1,1,0,4,0,
1937,28,2,0,0,2,10,36,0,4,6,28,0,0,0,0,0,
1938,13,3,1,0,2,6,31,4,9,6,18,0,1,0,0,0,
1939,19,4,1,1,1,1,38,1,9,2,20,0,0,1,0,0,
1940,11,5,0,0,0,7,43,5,8,3,38,0,1,4,0,0,
1941,13,3,1,0,3,15,49,6,19,6,24,0,4,3,2,0,
1942,19,5,1,0,1,7,74,4,5,1,2,0,5,0,12,0,
1943,20,3,0,0,0,14,58,3,13,9,36,0,5,2,0,0,
1944,76,8,2,0,5,15,83,3,17,3,52,0,3,5,0,0,
1945,18,2,0,0,0,13,40,1,10,8,10,0,3,0,0,2,
1946,17,3,0,0,1,7,35,3,7,2,8,0,1,2,0,0,
1947,18,3,0,0,0,7,45,0,7,6,18,0,2,3,0,0,
1948,13,1,1,0,1,3,62,8,12,1,22,0,2,4,8,0,
1949,30,0,1,0,1,10,52,1,6,9,24,0,2,3,0,0,
1950,21,3,0,2,4,9,29,1,3,5,12,0,1,3,0,0,
1952,25,6,0,0,0,5,73,2,10,6,4,0,4,0,6,0,
1953,31,6,0,0,5,12,59,1,12,6,36,0,3,2,0,0,
1955,16,3,1,0,0,8,50,4,3,2,10,0,3,1,0,0,
1957,28,3,0,0,0,7,41,2,2,3,10,0,0,0,0,0,
1958,28,7,0,0,3,17,49,5,6,8,36,0,2,2,0,2,
1959,25,9,0,0,1,10,55,2,17,1,20,0,7,4,4,0,
1960,46,5,0,0,2,9,36,9,8,6,62,0,1,1,0,0,
1963,19,2,0,0,1,12,50,5,4,2,36,0,0,1,0,0,
1964,30,8,1,1,2,6,55,1,7,5,36,0,2,0,0,0,
1965,18,7,0,0,0,10,73,1,7,3,20,0,3,4,10,0,
1967,28,2,2,0,1,5,104,9,9,2,8,0,4,3,4,0,
1970,10,4,0,0,0,5,32,8,7,2,4,0,5,4,10,0,
1971,8,4,2,0,0,3,60,5,4,1,8,0,3,1,4,0,
1972,30,8,1,2,7,8,54,2,13,2,18,0,2,2,0,2,
1973,12,3,0,0,1,6,16,3,11,4,8,0,2,2,0,0,
1974,20,3,1,0,1,7,44,2,5,10,14,0,1,1,0,0,
1975,22,6,1,0,2,10,32,2,14,6,18,0,1,1,0,0,
1976,20,9,0,0,1,6,55,5,8,4,16,0,1,1,2,0,
1977,37,11,0,0,2,23,35,6,15,10,22,0,2,4,0,0,
1978,35,4,2,0,2,10,54,0,22,8,18,0,3,3,0,0,
1979,8,4,0,1,1,12,3,2,10,7,16,0,2,0,0,0,
1980,24,5,0,2,3,7,21,0,8,11,12,0,1,1,0,0,
1981,13,3,0,0,1,1,40,1,1,1,6,0,3,0,4,0,
1982,15,3,0,1,2,9,44,4,15,6,20,0,3,4,2,0,
1983,16,2,4,1,1,7,36,5,13,1,6,0,2,1,2,0,
1984,27,5,0,1,0,3,27,1,11,4,74,0,1,2,0,0,
1985,17,2,2,0,0,4,20,4,17,0,16,0,3,4,4,0,
1986,21,6,1,0,4,11,38,3,15,12,6,0,3,0,0,0,
1987,17,3,1,1,3,5,47,3,7,3,10,0,2,5,2,0,
1988,11,0,0,0,0,6,50,2,10,2,22,0,2,0,0,0,
1989,26,1,2,0,0,9,50,1,10,3,12,0,2,6,0,0,
1990,37,2,0,0,1,8,30,3,4,1,24,1,1,0,0,0,
1991,14,2,0,0,1,8,69,1,0,2,6,0,3,0,6,0,
1993,25,4,1,1,0,8,46,1,10,7,30,0,3,5,0,0,
1994,14,5,0,2,1,6,61,5,9,3,12,0,1,3,0,0,
1996,13,3,0,1,1,12,57,4,7,4,22,0,4,4,0,0,
1997,12,3,0,0,1,5,46,4,9,5,24,0,4,5,2,0,
1999,13,5,0,0,2,5,34,1,4,4,26,0,3,0,0,2,
2001,36,7,3,0,3,11,40,9,15,13,36,0,1,1,0,2,
2003,29,8,2,0,3,21,45,7,13,10,48,0,3,4,0,0,
2004,28,7,0,0,5,9,32,6,18,8,16,0,2,2,0,0,
2005,30,3,0,1,2,8,61,3,10,4,24,0,3,1,2,0,
2007,31,18,0,0,4,12,28,5,10,18,50,0,0,3,0,0,
2008,12,7,0,0,0,7,31,1,4,5,28,0,0,3,0,0,
2009,16,6,1,0,3,10,33,2,7,4,14,0,5,6,0,0,
2010,18,3,0,0,1,6,44,1,6,4,22,0,1,0,0,0,
2011,14,3,1,2,1,8,56,3,10,3,8,0,1,2,2,1,
2012,20,6,1,0,5,14,31,0,16,9,14,0,9,2,4,0,
2013,23,3,0,0,3,2,48,1,6,5,20,0,2,2,0,0,
2014,11,2,0,0,2,0,50,1,2,2,8,0,4,4,0,0,
2015,15,4,1,0,1,11,30,0,11,7,18,0,2,2,0,0,
2016,21,7,0,0,2,9,59,6,6,4,18,0,1,3,2,0,
2017,35,6,0,0,1,14,58,3,14,3,42,0,2,3,0,4,
2018,29,10,1,0,4,17,44,3,10,5,36,0,5,3,0,0,
2019,15,5,0,1,5,10,17,1,10,4,22,1,1,1,0,0,
2020,24,5,1,0,2,10,54,3,5,5,30,0,3,2,0,2,
2021,25,4,0,2,1,3,48,2,6,8,14,1,2,3,0,0,
2022,25,9,1,0,8,12,44,4,11,8,26,1,4,1,0,0,
2023,33,2,1,0,2,6,30,5,4,3,22,1,0,0,0,0,
2024,24,2,0,1,1,11,31,2,9,7,26,1,5,5,0,2,
2025,21,6,1,0,0,21,77,2,9,6,38,1,3,4,0,0,
2026,16,1,0,0,1,6,56,2,5,11,16,0,1,0,0,0,
2027,13,3,1,1,4,7,26,2,8,7,38,0,0,1,0,0,
2028,39,10,0,1,2,9,52,3,8,17,68,0,1,3,0,0,
2029,35,3,1,0,4,14,35,2,12,4,42,1,2,1,0,0,
2030,11,6,3,0,0,7,38,2,10,5,8,0,5,4,8,0,
2031,28,6,1,0,3,18,36,5,7,7,28,0,2,0,0,0,
2033,15,8,2,0,3,12,11,2,8,13,24,0,3,11,0,0,
2035,11,4,1,0,4,20,25,3,17,12,16,0,1,2,0,0,
2036,23,3,0,0,0,10,50,5,11,9,20,0,2,3,0,0,
2037,30,9,3,0,0,8,54,3,16,4,10,0,2,3,2,0,
2039,22,4,0,0,0,10,85,4,15,4,44,0,7,6,2,0,
2040,40,6,1,0,3,6,72,1,12,12,44,0,3,0,0,0,
2041,19,6,1,0,1,14,21,4,8,5,40,0,3,0,0,0,
2043,19,2,1,0,0,6,69,7,6,6,14,0,3,3,8,0,
2044,10,2,0,0,1,3,24,2,2,2,10,0,0,2,0,0,
2045,10,4,0,1,2,14,54,2,4,1,16,1,4,2,6,0,
2046,20,3,2,0,0,5,39,3,7,7,22,1,0,0,0,0,
2047,17,1,1,1,1,3,23,3,7,4,14,0,1,3,0,0,
2048,16,1,2,0,1,7,60,7,2,3,10,0,3,2,2,0,
2051,23,4,0,0,6,8,49,18,12,5,6,0,3,0,4,0,
2052,8,0,0,0,1,0,13,0,2,0,4,0,1,0,0,0,
2054,15,5,1,0,5,4,29,3,7,1,6,0,1,5,0,0,
2055,26,5,3,0,4,6,57,4,6,3,28,0,0,2,0,0,
2056,20,3,0,0,2,2,54,3,3,4,6,0,0,2,2,0,
2057,19,3,0,0,2,5,29,3,10,2,16,0,3,0,0,0,
2058,22,3,0,0,1,5,34,4,8,6,20,1,4,0,0,0,
2059,26,5,1,0,3,3,28,1,6,6,30,0,1,1,0,0,
2060,13,0,1,0,0,7,36,1,13,3,22,0,0,0,0,0,
2061,10,2,1,0,0,6,29,2,7,4,18,0,1,0,0,0,
2062,16,9,3,0,1,12,44,1,18,3,14,0,7,6,10,0,
2063,32,2,1,0,9,11,110,4,8,8,32,0,1,0,0,0,
2064,20,3,1,0,3,5,17,0,10,2,8,0,4,3,0,0,
2065,18,8,3,0,0,12,56,2,10,5,18,0,4,2,4,0,
2066,23,6,4,1,2,14,49,2,23,7,16,0,1,5,0,0,
2067,33,4,0,0,1,18,33,1,17,5,22,0,2,2,0,0,
2068,16,3,0,0,1,4,23,0,7,7,14,0,1,2,0,0,
2069,18,5,0,1,4,7,25,6,16,7,20,0,1,3,0,0,
2070,31,2,1,0,1,5,87,8,2,3,12,0,2,2,2,0,
2071,26,3,1,0,0,6,8,1,2,7,20,0,0,0,0,0,
2073,16,6,0,0,4,8,62,2,5,6,18,0,4,4,6,0,
2075,10,3,0,0,0,4,33,1,5,7,18,0,0,1,0,0,
2077,26,1,1,0,3,6,60,1,2,6,22,0,0,0,0,0,
2078,24,4,0,0,5,15,69,3,10,7,6,0,4,5,2,0,
2079,37,5,2,0,1,19,23,4,11,13,32,0,1,1,0,2,
2080,12,4,0,0,0,1,36,0,3,6,14,0,1,1,0,0,
2081,12,3,2,0,0,4,29,1,6,1,14,0,1,2,0,0,
2082,35,11,1,2,4,23,74,5,17,5,14,0,5,2,8,2,
2084,14,1,2,0,5,4,30,1,2,1,10,0,1,1,0,0,
2085,38,8,2,1,4,7,116,9,10,5,36,0,7,1,6,0,
2087,35,4,1,0,5,9,65,3,10,12,42,0,6,1,0,0,
2088,15,3,0,0,0,3,68,4,6,5,8,0,3,4,2,0,
2089,22,1,0,1,3,9,36,2,10,3,20,0,1,3,0,0,
2090,15,2,1,0,0,6,54,1,5,5,4,0,3,6,2,0,
2091,28,7,0,0,5,12,39,4,8,17,26,0,3,0,0,2,
2092,16,7,0,1,1,11,74,2,19,8,28,0,7,6,12,0,
2093,23,4,5,0,0,17,38,5,24,6,20,0,6,3,6,0,
2094,19,10,2,0,4,5,63,2,9,7,14,1,5,3,6,0,
2097,21,4,1,1,1,5,46,5,11,6,12,0,2,4,0,0,
2098,24,3,0,0,4,13,44,3,15,4,26,0,1,2,0,2,
2099,36,3,1,0,4,11,30,3,19,4,16,1,1,3,0,2,
2102,15,2,0,0,1,5,37,0,11,3,2,0,1,4,0,0,
2103,26,7,1,0,1,10,34,5,10,3,28,0,0,0,0,0,
2104,22,5,0,0,1,14,58,2,6,4,24,0,2,3,0,0,
2105,14,8,1,0,0,9,35,8,6,3,14,0,1,0,2,0,
2106,18,4,2,0,2,6,30,1,8,2,4,0,0,0,0,0,
2109,33,8,1,0,2,21,52,4,13,10,12,0,4,4,4,0,
2110,32,4,1,0,1,9,41,2,7,4,14,0,1,0,0,0,
2111,27,7,1,0,2,6,45,3,16,4,30,0,4,1,0,2,
2112,20,6,0,1,2,13,19,6,10,6,12,0,1,2,0,0,
2113,29,7,2,0,2,23,57,2,19,11,36,1,3,2,2,0,
2114,24,9,2,0,5,15,57,4,19,5,56,0,2,2,0,0,
2115,13,5,0,0,1,11,40,2,9,3,4,1,0,5,2,0,
2116,18,2,1,0,3,8,52,3,15,7,10,0,4,1,4,0,
2117,13,3,0,0,2,5,63,2,13,5,30,0,2,0,0,0,
2118,13,2,0,0,2,4,16,1,9,8,24,0,2,0,0,0,
2119,15,2,0,0,0,4,77,1,5,7,20,0,0,1,4,0,
2121,19,3,0,0,1,7,21,3,3,2,20,0,2,0,2,0,
2122,21,5,2,0,2,11,60,4,20,4,8,0,2,2,0,0,
2123,12,2,1,0,1,6,47,1,6,2,12,0,1,7,0,0,
2124,18,2,1,1,1,8,52,2,13,2,6,0,3,0,8,0,
2125,21,5,1,0,0,10,29,6,12,5,8,0,1,0,2,2,
2126,26,3,0,0,0,4,40,4,4,2,24,0,1,3,0,0,
2127,13,1,1,0,1,4,53,6,4,5,18,0,3,4,6,0,
2128,41,6,0,0,2,13,48,7,15,10,22,0,1,1,0,2,
2130,22,5,2,0,2,12,61,2,8,10,42,0,2,1,2,0,
2131,46,3,0,1,4,9,63,1,13,4,12,0,4,6,0,2,
2132,43,4,0,0,3,19,38,6,18,14,40,1,2,2,0,0,
2134,26,6,0,0,4,10,52,1,5,4,22,0,0,5,0,0,
2135,32,12,1,2,2,16,57,0,14,5,14,1,3,2,6,0,
2136,8,5,0,0,1,6,24,1,3,2,10,0,1,1,0,0,
2137,26,2,0,0,2,11,50,0,11,7,22,0,3,4,0,0,
2138,13,4,0,0,2,13,11,3,11,8,14,0,1,5,0,0,
2139,14,1,0,0,1,8,42,1,0,2,10,0,0,0,0,0,
2140,25,6,0,0,2,9,41,5,9,10,32,0,1,0,0,0,
2141,24,6,3,0,0,5,38,0,10,8,14,0,4,2,4,0,
2143,36,0,2,0,1,8,48,2,6,7,8,0,0,2,0,0,
2144,13,2,0,0,3,1,25,1,2,1,2,0,2,2,0,0,
2145,14,4,1,0,2,6,44,1,7,1,8,0,2,2,4,0,
2147,14,2,0,4,1,8,79,6,13,3,16,0,2,10,10,0,
2148,30,12,0,0,0,12,28,2,10,14,38,0,3,4,0,0,
2149,26,2,1,0,1,6,78,3,7,11,28,0,1,3,2,0,
2150,9,6,0,0,0,13,11,0,5,5,24,0,2,1,2,0,
2151,17,6,0,0,1,5,42,2,0,1,16,0,0,1,0,0,
2152,12,2,0,0,2,1,51,2,0,0,2,0,2,0,0,0,
2153,12,5,1,0,0,8,42,1,8,3,14,0,0,2,0,2,
2154,34,2,1,1,1,13,52,3,16,5,36,0,6,2,0,0,
2155,16,1,0,0,1,8,71,3,12,2,16,1,7,5,6,0,
2156,25,6,1,0,0,15,68,6,12,10,16,0,5,6,4,0,
2157,12,3,0,0,0,9,44,2,10,6,10,0,2,0,6,0,
2158,15,3,3,0,0,5,27,1,2,10,22,0,0,2,0,0,
2159,21,3,3,0,1,5,53,2,8,4,10,1,4,2,0,0,
2160,31,7,0,0,1,16,27,4,12,10,34,0,1,1,0,0,
2161,33,10,1,0,2,5,35,2,0,3,10,0,1,0,0,0,
2162,26,3,0,0,0,4,69,2,6,6,10,0,2,0,4,0,
2163,18,2,0,0,0,5,68,4,0,2,4,0,1,0,2,0,
2164,41,1,0,0,5,12,57,7,19,12,50,0,1,1,0,2,
2168,47,14,5,0,1,13,95,2,20,14,44,0,4,2,0,0,
2169,24,10,1,0,7,27,22,4,17,10,38,1,1,1,0,0,
2170,8,3,0,0,2,4,15,0,6,2,20,0,1,3,0,0,
2171,23,3,0,0,1,8,39,2,6,2,14,0,0,0,0,0,
2172,34,2,1,0,7,1,50,14,6,4,16,0,3,4,2,0,
2173,10,2,0,0,0,5,19,2,6,5,6,0,2,0,0,0,
2174,14,2,2,0,0,18,25,3,6,8,16,0,5,3,0,2,
2175,19,3,0,0,2,3,37,0,6,10,26,0,1,2,0,0,
2176,67,3,0,0,4,13,28,3,19,25,40,0,4,2,0,0,
2177,16,0,1,0,5,4,34,0,2,6,16,0,2,0,0,0,
2178,14,1,0,0,0,3,32,3,5,0,6,0,0,0,0,0,
2180,28,4,1,0,0,8,81,5,7,6,14,0,6,0,2,0,
2181,27,5,1,0,3,15,37,1,10,8,48,0,0,1,0,0,
2182,10,6,1,0,3,17,23,2,14,5,36,0,2,2,2,0,
2183,79,4,0,1,5,10,57,2,11,9,74,0,1,1,0,0,
2184,35,9,1,1,4,14,52,3,20,7,18,0,2,0,0,2,
2185,34,3,2,2,1,16,39,2,13,11,36,0,3,0,0,0,
2186,36,3,0,0,1,9,22,4,10,8,40,0,2,1,0,0,
2188,19,0,1,1,4,8,40,5,5,3,28,1,2,0,0,2,
2189,8,3,2,0,1,2,33,0,1,0,10,0,1,0,0,0,
2191,13,0,0,0,1,8,32,4,14,3,20,0,6,1,0,0,
2192,3,4,0,0,1,1,15,1,6,1,6,0,1,2,0,0,
2193,15,4,2,0,0,6,37,1,13,4,10,0,3,2,0,1,
2195,29,4,0,0,4,12,20,0,11,7,28,0,0,0,0,0,
2196,13,0,1,0,1,6,37,4,7,2,16,1,2,2,0,0,
2197,44,7,2,0,1,17,49,7,8,8,42,0,3,2,0,0,
2200,14,1,1,0,1,4,45,1,4,2,10,0,1,1,0,0,
2201,22,3,0,0,2,1,25,3,2,2,6,0,0,0,0,0,
2202,16,3,0,0,1,5,23,2,10,1,10,0,3,0,0,0,
2203,13,3,2,0,0,6,48,2,7,5,12,0,3,8,4,2,
2205,9,4,1,0,0,2,26,1,9,7,12,0,0,1,0,0,
2206,18,1,1,0,1,6,52,1,10,3,24,0,4,4,8,0,
2207,41,9,2,0,8,9,72,7,13,6,28,1,1,2,0,0,
2209,26,2,4,1,6,7,45,4,8,5,28,0,3,1,0,0,
2210,20,0,0,0,3,11,65,3,5,2,26,0,2,2,0,0,
2211,15,1,2,0,1,6,24,1,3,1,6,0,1,2,4,0,
2212,28,12,1,0,2,17,36,2,17,6,10,0,4,7,0,0,
2213,18,5,5,3,2,7,69,2,6,3,12,0,1,2,2,0,
2214,25,5,0,0,2,8,46,1,14,3,32,0,0,4,0,0,
2215,21,5,1,0,2,8,45,3,8,4,24,0,2,3,0,0,
2217,8,2,0,0,0,6,27,1,3,8,24,0,5,2,0,0,
2218,28,3,1,0,1,13,56,1,7,7,28,0,0,2,0,0,
2219,10,4,1,0,2,1,31,4,16,6,14,0,2,7,0,0,
2220,23,6,6,0,1,19,47,4,24,8,38,0,3,9,2,0,
2221,26,0,0,0,1,13,37,1,9,6,28,0,1,1,0,0,
2222,11,2,0,0,1,5,36,2,10,3,16,0,4,8,4,0,
2223,10,3,0,0,0,3,21,5,5,0,6,0,0,2,0,0,
2224,19,5,2,0,3,6,52,0,6,3,14,0,3,2,0,0,
2226,20,0,1,0,2,7,42,2,10,7,22,0,2,2,2,0,
2227,12,0,0,0,1,0,56,0,0,0,0,0,0,0,0,0,
2228,22,4,0,0,3,10,27,2,7,4,16,0,1,3,0,0,
2229,31,10,1,1,0,11,49,1,8,5,42,0,4,4,0,0,
2230,8,0,0,0,0,2,18,0,1,4,4,0,0,0,0,0,
2231,25,2,1,1,3,14,50,4,6,5,44,0,1,5,0,2,
2232,43,1,0,0,0,4,42,5,5,7,28,0,0,0,0,0,
2233,6,5,0,0,0,1,21,0,0,0,16,0,0,3,0,0,
2235,18,4,1,0,1,8,65,1,6,0,24,0,3,2,2,0,
2236,34,7,1,0,0,17,44,1,7,2,42,0,1,0,0,0,
2239,31,6,0,0,1,6,31,7,7,6,22,0,0,0,0,0,
2240,29,8,2,2,4,10,58,1,9,5,26,0,2,1,0,0,
2241,29,6,4,0,3,6,75,2,6,7,34,0,4,3,2,0,
2243,23,6,2,0,0,3,28,1,5,4,8,0,2,0,0,0,
2245,28,2,1,0,0,7,68,3,6,1,12,0,5,2,0,0,
2246,10,3,2,1,3,12,23,1,7,7,10,0,1,4,0,2,
2247,12,2,0,0,0,5,23,1,6,1,24,0,2,3,0,0,
2249,21,7,0,0,0,7,33,2,5,9,22,0,0,3,0,0,
2250,30,7,2,0,3,15,52,6,17,13,26,2,2,3,0,0,
2251,17,0,1,0,2,6,35,6,7,2,10,1,3,2,0,0,
2252,35,4,2,0,1,4,21,4,4,10,12,0,2,2,0,2,
2257,12,1,0,0,1,7,26,1,0,1,10,0,1,0,0,0,
2258,16,4,0,0,1,5,50,2,12,2,18,0,2,2,8,0,
2259,22,8,2,0,5,13,57,2,8,7,28,0,2,6,0,0,
2260,28,1,0,0,0,4,26,0,6,2,12,0,0,0,0,0,
2262,17,0,2,0,1,7,42,4,14,2,38,0,4,8,6,0,
2263,18,2,0,0,2,6,40,0,2,2,8,0,1,0,0,0,
2264,15,0,0,0,0,4,40,1,3,7,22,0,1,0,0,0,
2266,7,6,0,0,2,7,39,5,4,3,8,0,1,0,0,0,
2267,35,3,1,0,0,27,65,4,14,8,12,0,3,0,6,0,
2268,6,6,0,0,0,11,8,1,6,4,22,0,3,0,0,0,
2269,31,7,1,0,2,4,52,1,4,4,16,1,2,4,2,0,
2270,17,10,0,0,3,6,57,2,6,7,26,0,2,0,0,0,
2271,20,4,0,0,6,8,27,0,16,3,16,0,1,6,0,0,
2272,6,1,0,0,0,2,14,2,5,4,14,0,1,0,0,0,
2273,11,5,1,0,2,4,26,2,9,4,24,0,3,2,0,0,
2274,12,4,4,0,1,6,32,1,8,6,18,1,1,1,0,0,
2275,11,2,0,0,1,7,53,3,4,5,14,0,2,0,2,0,
2277,15,3,0,1,5,6,60,3,5,4,16,0,0,1,0,0,
2279,33,4,0,0,2,9,40,0,10,2,26,0,2,2,0,2,
2280,11,6,1,0,0,7,28,2,16,5,10,0,3,7,2,0,
2281,18,1,0,0,0,11,58,2,5,2,12,0,2,0,0,0,
2283,10,6,1,0,3,15,49,5,14,16,32,0,3,6,0,0,
2284,25,4,1,0,2,8,30,7,5,10,26,0,1,1,0,0,
2285,24,6,0,0,0,12,54,2,9,4,30,0,3,8,0,0,
2287,30,4,0,0,2,5,53,3,5,6,56,1,2,1,0,0,
2288,14,2,0,0,0,13,28,3,7,8,6,0,1,3,0,0,
2289,15,0,0,0,2,8,31,1,6,4,20,0,0,4,0,0,
2290,34,3,0,1,1,14,57,3,17,5,12,0,0,5,2,0,
2291,20,10,2,0,3,9,32,11,20,7,22,0,4,2,8,2,
2294,12,2,1,0,1,2,18,4,7,4,10,0,4,1,0,0,
2295,14,4,3,0,2,7,24,1,5,3,16,0,0,1,0,0,
2296,16,7,0,0,1,5,15,1,5,1,16,0,3,1,0,0,
2297,8,3,1,0,2,1,20,2,10,4,10,0,2,5,2,0,
2298,17,5,1,0,1,4,48,4,4,3,22,0,2,1,0,0,
2299,15,5,2,0,2,19,80,0,7,8,26,0,1,7,8,0,
2300,16,5,1,0,0,6,32,1,11,5,20,0,1,3,0,0,
2301,31,4,0,0,3,15,37,2,11,5,30,0,7,2,0,0,
2302,19,4,0,0,4,3,60,2,14,7,22,1,2,0,4,0,
2303,12,4,0,0,1,10,50,5,1,14,26,0,2,0,0,0,
2304,40,7,1,0,4,20,57,3,23,7,38,0,0,7,0,0,
2305,23,6,0,0,1,5,52,0,16,6,26,0,1,5,0,0,
2306,24,5,0,0,0,16,39,1,8,5,16,0,1,0,0,0,
2307,43,5,0,1,2,7,59,2,10,8,42,0,3,2,0,0,
2308,41,5,0,0,1,18,58,3,12,11,32,0,3,2,0,0,
2310,26,5,1,1,3,8,37,6,7,11,16,0,1,0,0,0,
2311,10,6,0,0,1,5,32,4,20,9,18,0,1,2,0,0,
2312,25,0,2,0,0,16,52,2,16,8,14,0,7,0,8,0,
2313,24,7,2,0,1,15,115,3,15,11,28,0,7,5,14,0,
2315,26,4,0,0,2,5,28,3,5,8,36,0,0,0,0,0,
2316,12,7,0,0,3,8,20,2,9,9,38,0,0,4,0,0,
2317,8,5,1,0,0,5,31,1,6,4,18,0,1,3,0,0,
2318,20,8,0,0,0,14,38,6,19,10,8,0,3,3,0,4,
2320,32,6,1,1,0,7,23,2,6,5,22,0,0,0,0,0,
2321,17,1,0,0,2,7,25,2,4,2,8,0,0,4,0,0,
2322,30,5,1,0,0,7,31,2,6,3,14,0,1,0,0,2,
2323,6,1,0,0,2,1,20,0,2,0,4,0,1,0,0,0,
2324,8,4,1,0,1,7,16,4,7,3,30,0,3,2,0,0,
2326,28,2,0,0,3,15,51,2,10,5,24,0,2,3,0,2,
2327,13,5,1,2,0,8,28,2,10,0,6,0,2,0,0,0,
2328,25,10,1,0,3,14,47,1,17,5,24,0,4,1,4,0,
2329,18,4,0,0,1,6,44,2,10,2,24,0,2,1,0,0,
2330,24,6,1,0,3,13,59,0,4,3,38,0,1,2,0,0,
2331,32,3,4,0,3,2,55,2,7,5,20,0,3,1,0,0,
2332,17,2,2,0,3,19,37,2,18,7,20,0,0,2,0,0,
2333,44,5,2,0,0,7,70,8,15,5,16,0,3,2,2,0,
2334,24,1,0,0,1,4,35,1,3,5,12,0,0,0,0,0,
2335,10,2,0,0,1,6,14,0,13,4,8,0,1,0,0,0,
2336,28,6,0,0,2,8,41,7,5,5,44,0,0,0,0,0,
2337,19,3,0,1,1,6,60,5,2,6,28,0,0,1,0,0,
2338,27,2,2,0,1,6,27,4,12,12,52,0,0,0,0,2,
2339,20,6,0,0,4,10,54,2,15,6,12,0,3,0,6,0,
2341,18,6,1,0,1,7,29,1,13,4,10,0,5,0,0,2,
2343,10,0,0,1,2,4,23,4,2,2,0,0,1,2,0,0,
2344,16,11,0,2,0,15,61,3,17,5,16,0,8,6,10,4,
2345,41,3,0,0,2,8,28,3,12,13,36,0,3,1,0,0,
2346,25,6,3,0,0,9,44,1,15,4,24,0,1,5,0,0,
2348,17,4,0,0,2,10,36,0,4,7,8,0,2,4,2,0,
2349,35,5,0,0,0,25,78,3,7,6,18,0,1,1,2,0,
2350,44,5,2,0,2,19,49,2,14,8,24,0,3,0,0,0,
2351,23,9,2,2,3,9,76,2,17,2,26,0,4,2,14,0,
2354,13,2,0,0,3,8,44,1,3,6,6,0,1,4,0,0,
2355,23,0,2,0,2,3,59,2,12,4,22,0,3,1,0,0,
2357,75,11,2,0,6,42,145,4,24,27,120,0,6,10,0,0,
2358,17,4,0,0,0,7,17,1,4,3,18,0,0,0,0,0,
2359,25,3,0,0,1,4,26,0,9,3,18,0,0,4,0,0,
2361,23,2,0,0,2,16,49,3,8,9,26,0,1,2,0,2,
2362,17,5,0,0,3,5,34,3,6,1,8,0,3,0,0,0,
2363,28,11,0,1,3,27,43,1,22,9,26,1,3,0,0,0,
2364,22,9,0,1,0,5,39,0,11,1,16,0,4,4,2,0,
2365,21,2,0,0,0,6,98,2,4,3,8,0,1,1,4,0,
2366,6,0,0,0,0,6,16,2,0,0,4,0,0,0,0,0,
2367,19,14,2,0,2,16,48,3,18,4,26,0,4,0,2,2,
2368,30,5,1,1,8,20,33,0,14,6,16,1,1,3,0,0,
2369,14,2,1,0,2,3,35,0,2,3,12,0,1,2,0,0,
2370,22,2,0,0,1,7,26,4,8,9,16,0,0,5,0,0,
2371,9,5,0,1,1,6,49,0,3,9,0,0,2,1,2,0,
2372,25,4,0,0,1,10,44,8,17,4,20,0,4,0,2,4,
2373,28,11,0,0,6,12,48,2,13,2,16,0,3,0,2,0,
2374,32,5,2,0,3,5,61,5,14,6,22,0,1,3,0,0,
2375,12,0,0,0,2,1,23,1,6,6,4,0,0,0,0,0,
2376,34,9,0,1,6,14,43,1,19,4,30,0,2,10,0,0,
2377,16,3,0,0,1,3,29,2,8,5,10,0,2,0,0,0,
2378,15,7,2,0,0,7,34,2,5,2,14,1,1,5,2,0,
2381,13,2,0,0,2,4,35,1,4,7,26,0,2,3,0,0,
2382,24,6,1,0,2,14,46,4,11,3,14,0,2,2,2,0,
2383,18,7,0,1,2,5,41,1,5,3,8,0,1,0,0,0,
2384,15,6,0,0,3,23,31,4,12,4,46,0,4,0,0,0,
2385,33,4,1,1,3,9,22,0,4,15,26,0,0,1,0,0,
2386,14,2,2,0,2,8,34,1,8,5,8,0,2,4,18,0,
2387,19,4,0,0,1,9,69,7,17,7,16,0,2,2,2,0,
2389,16,1,0,0,1,3,37,0,4,3,20,0,0,0,0,0,
2390,39,6,1,1,2,14,44,4,14,16,36,0,1,2,0,2,
2391,0,42,0,0,0,1,12,42,5,0,10,0,0,2,0,0,6
2392,20,4,1,0,1,3,89,2,3,3,10,0,4,0,6,2,
2393,25,3,1,0,5,7,24,1,14,4,26,0,2,2,0,0,
2394,32,7,0,0,6,18,52,3,15,12,32,0,0,4,2,0,
2395,18,5,0,1,2,19,69,1,10,6,24,1,4,8,0,2,
2396,16,3,0,0,0,5,17,1,8,5,18,0,0,0,0,0,
2397,36,2,1,0,2,4,30,9,4,3,14,0,1,0,0,0,
2398,22,8,2,1,5,14,72,3,8,4,22,0,6,2,2,0,
2399,17,4,0,0,2,7,68,2,6,7,24,0,3,2,0,0,
2400,18,2,0,0,2,6,42,2,5,5,34,0,0,0,0,0,
2401,34,3,0,0,4,16,75,5,5,5,52,0,1,0,0,2,
2402,11,3,0,0,0,9,28,1,6,1,6,0,0,0,4,0,
2403,11,4,0,0,0,4,62,5,8,1,10,0,3,2,4,0,
2405,21,5,0,0,1,17,59,2,14,12,26,0,5,3,4,0,
2406,19,2,0,0,2,3,28,3,4,3,8,0,2,0,0,0,
2407,30,6,0,0,3,10,29,5,12,10,52,0,2,0,0,0,
2408,32,8,1,0,3,17,98,3,16,6,54,0,2,8,2,0,
2410,24,4,5,0,3,9,66,5,17,11,26,0,3,0,0,0,
2411,30,5,1,0,3,7,55,4,7,5,32,0,1,0,0,0,
2412,14,4,3,1,3,6,46,3,5,2,28,0,4,2,0,0,
2413,14,0,1,0,1,2,19,2,9,1,6,0,2,1,0,0,
2414,21,4,0,1,1,12,36,2,12,4,26,0,6,1,0,2,
2416,20,4,2,1,3,14,65,1,5,5,16,0,2,2,0,0,
2417,21,10,0,0,1,10,70,0,4,8,16,0,3,2,0,0,
2419,28,5,2,0,2,13,109,4,7,7,14,0,1,0,12,2,
2420,18,3,0,0,0,13,33,2,3,6,6,0,1,0,0,0,
2421,8,5,0,0,1,7,28,5,8,6,18,0,2,5,0,0,
2423,14,2,0,2,0,3,41,1,5,5,10,0,0,0,0,0,
2424,16,3,0,0,1,13,62,0,18,7,12,0,2,7,8,0,
2427,14,0,0,0,1,2,39,1,4,2,4,0,1,4,0,0,
2428,28,0,0,0,2,10,49,2,12,2,26,0,4,0,0,0,
2429,4,2,0,0,1,5,32,0,10,5,14,1,2,4,8,0,
2433,11,5,0,0,5,6,14,2,7,1,10,0,0,0,0,0,
2434,46,16,0,0,1,22,61,7,6,15,46,0,2,4,2,0,
2435,19,2,0,0,1,4,39,5,6,3,26,0,3,0,0,0,
2436,10,7,0,0,2,8,27,1,16,8,22,0,3,5,0,0,
2437,18,0,1,0,0,5,45,7,2,0,14,0,1,0,0,0,
2438,17,2,2,0,1,10,33,2,10,6,20,0,1,1,0,0,
2441,40,4,2,0,5,9,42,1,12,14,56,0,2,0,0,3,
2443,38,13,0,1,2,3,37,2,12,11,66,0,0,0,0,0,
2444,14,2,1,1,2,5,45,3,7,5,14,0,3,0,2,2,
2445,39,5,1,1,2,8,38,7,9,3,8,0,0,1,0,0,
2446,18,2,0,0,0,2,12,4,8,4,10,0,0,2,0,0,
2448,12,7,0,0,2,6,33,0,12,8,34,0,2,2,2,0,
2450,18,5,0,0,1,8,32,5,5,9,10,0,2,2,0,0,
2451,8,0,0,0,2,4,20,2,10,7,10,0,2,2,0,0,
2453,47,4,1,0,7,16,66,3,11,8,38,2,0,3,0,0,
2454,4,0,0,0,0,8,23,2,2,0,8,0,2,0,0,0,
2455,18,7,0,0,1,14,17,0,7,3,18,0,3,2,0,0,
2456,7,2,1,0,0,4,49,4,7,0,4,0,3,2,0,0,
2457,24,2,0,1,2,7,53,3,5,5,14,0,1,1,0,0,
2458,19,3,1,0,8,6,18,2,9,6,28,0,0,0,0,0,
2460,34,7,0,0,1,8,38,1,5,5,34,0,3,1,0,4,
2461,23,1,0,0,3,8,44,1,16,5,26,0,2,2,2,2,
2462,35,7,1,0,6,13,47,2,5,5,24,0,0,0,0,2,
2463,19,0,0,0,3,5,39,4,3,1,18,1,0,2,0,0,
2465,25,3,0,0,2,8,48,4,14,2,18,1,1,0,2,0,
2466,2,1,1,0,1,6,26,1,0,1,10,0,0,0,0,0,
2467,28,4,0,0,1,6,58,2,0,3,14,0,1,1,0,0,
2468,34,8,2,0,0,16,73,2,14,10,18,0,6,4,0,0,
